customer_id,first_name,last_name,state
1,Vikram,Williams,Rajasthan
2,Riya,Joshi,Odisha
3,Pooja,Chopra,Tamil Nadu
4,Michael,Sharma,West Bengal
5,Vikram,Agarwal,Goa
6,Anil,Patel,Assam
7,Shreya,Saxena,Haryana
8,Suresh,Patel,Telangana
9,Joseph,Davis,Karnataka
10,Anika,Sharma,Bihar
11,Vihaan,Patel,Uttarakhand
12,Chris,Reddy,West Bengal
13,John,Rao,Rajasthan
14,Riya,Smith,Madhya Pradesh
15,Pooja,Sharma,Uttar Pradesh
16,Priya,Taylor,Delhi
17,John,Patel,Goa
18,Patricia,Sharma,West Bengal
19,Kavya,Tiwari,Kerala
20,David,Williams,Telangana
21,Deepak,Anderson,Bihar
22,Elizabeth,Joshi,Odisha
23,Kavya,Reddy,Odisha
24,Meera,Johnson,Jharkhand
25,Jennifer,Tiwari,Bihar
26,Shreya,Singh,Uttar Pradesh
27,Pooja,Johnson,Haryana
28,Anjali,Smith,Goa
29,Nikita,Iyer,Kerala
30,Michael,Singh,Assam
31,Arjun,Mehta,Telangana
32,James,Mehta,Telangana
33,Kavya,Smith,Kerala
34,Saanvi,Kumar,Jharkhand
35,Thomas,Rao,Maharashtra
36,Patricia,Wilson,Goa
37,Sanjay,Johnson,Punjab
38,Michael,Kumar,Uttar Pradesh
39,John,Agarwal,Kerala
40,Kavya,Taylor,Madhya Pradesh
41,Sanjay,Chopra,Maharashtra
42,Shreya,Williams,Uttarakhand
43,Jennifer,Reddy,Punjab
44,Richard,Williams,West Bengal
45,Michael,Saxena,Assam
46,Karen,Johnson,Haryana
47,Pooja,Iyer,Gujarat
48,Linda,Johnson,Chhattisgarh
49,Diya,Iyer,Tamil Nadu
50,Priya,Kumar,Telangana
51,Richard,Miller,Chhattisgarh
52,Thomas,Taylor,Gujarat
53,Michael,Anderson,Punjab
54,John,Gupta,West Bengal
55,Suresh,Rao,Kerala
56,Manoj,Miller,Punjab
57,Vikram,Nair,Uttarakhand
58,Anika,Kapoor,Tamil Nadu
59,Priya,Verma,Uttarakhand
60,Shreya,Tiwari,Karnataka
61,Priya,Anderson,Rajasthan
62,Pooja,Singh,Bihar
63,Sneha,Iyer,Madhya Pradesh
64,Vihaan,Wilson,Delhi
65,Ishaan,Reddy,Punjab
66,Manoj,Mishra,Odisha
67,Rohan,Mehta,Gujarat
68,Chris,Gupta,Assam
69,Amit,Smith,Gujarat
70,Rahul,Smith,Maharashtra
71,Aarav,Kapoor,Telangana
72,Aadhya,Jones,Gujarat
73,Divya,Jones,Gujarat
74,Neha,Miller,Karnataka
75,Ishaan,Tiwari,Madhya Pradesh
76,James,Malhotra,Bihar
77,Deepak,Agarwal,Bihar
78,Aarav,Verma,Chhattisgarh
79,Saanvi,Brown,Haryana
80,Aarav,Anderson,Punjab
81,Thomas,Davis,Jharkhand
82,Saanvi,Sharma,Uttar Pradesh
83,James,Brown,West Bengal
84,Myra,Williams,Haryana
85,Meera,Kumar,Tamil Nadu
86,Rajesh,Bansal,Uttarakhand
87,Meera,Patel,Karnataka
88,Jennifer,Verma,Kerala
89,Anika,Kapoor,Jharkhand
90,Nikita,Bansal,Punjab
91,Deepak,Anderson,Delhi
92,Amit,Anderson,Assam
93,Suresh,Jones,Rajasthan
94,Ananya,Taylor,Bihar
95,Vivaan,Rao,West Bengal
96,Richard,Kumar,Rajasthan
97,Richard,Sharma,Uttarakhand
98,Pooja,Patel,Tamil Nadu
99,Vikram,Williams,Maharashtra
100,Rajesh,Anderson,Telangana
101,Chris,Saxena,Goa
102,Vihaan,Tiwari,Maharashtra
103,Robert,Singh,Uttar Pradesh
104,Vihaan,Williams,Tamil Nadu
105,Manoj,Kapoor,Bihar
106,Krishna,Saxena,Telangana
107,Priya,Williams,Delhi
108,Aadhya,Williams,Uttar Pradesh
109,Meera,Malhotra,Tamil Nadu
110,Robert,Bansal,Telangana
111,Swati,Tiwari,Delhi
112,Manoj,Davis,Tamil Nadu
113,Pooja,Brown,Goa
114,Krishna,Iyer,Tamil Nadu
115,Mary,Singh,Assam
116,Saanvi,Tiwari,Rajasthan
117,Chris,Nair,Jharkhand
118,Saanvi,Joshi,Madhya Pradesh
119,Anika,Patel,Maharashtra
120,Anjali,Agarwal,Rajasthan
121,William,Taylor,Assam
122,Amit,Rao,Uttar Pradesh
123,Aarav,Johnson,Karnataka
124,Karen,Singh,Uttarakhand
125,Robert,Agarwal,Delhi
126,Sai,Jones,Jharkhand
127,Arjun,Brown,Tamil Nadu
128,Sarah,Nair,West Bengal
129,Ravi,Iyer,Telangana
130,Ravi,Verma,Tamil Nadu
131,Jennifer,Patel,Maharashtra
132,Elizabeth,Iyer,Haryana
133,Patricia,Johnson,Punjab
134,Deepak,Brown,Tamil Nadu
135,Reyansh,Wilson,Maharashtra
136,Aarav,Wilson,Delhi
137,Robert,Smith,Gujarat
138,Amit,Joshi,Odisha
139,Swati,Nair,Karnataka
140,Vikram,Davis,Punjab
141,Diya,Singh,Bihar
142,Sanjay,Kapoor,Telangana
143,Linda,Chopra,Assam
144,Patricia,Malhotra,Gujarat
145,Krishna,Kumar,Maharashtra
146,Elizabeth,Patel,Tamil Nadu
147,Manoj,Taylor,Uttarakhand
148,Priya,Miller,Uttarakhand
149,Michael,Kapoor,Gujarat
150,Swati,Chopra,Haryana
151,Swati,Sharma,Delhi
152,Priya,Taylor,Assam
153,Krishna,Anderson,Madhya Pradesh
154,Anil,Verma,Karnataka
155,Kavya,Smith,Punjab
156,Aarav,Williams,Jharkhand
157,Chris,Brown,Uttarakhand
158,Richard,Mishra,West Bengal
159,Robert,Wilson,Punjab
160,Sneha,Bansal,Goa
161,Reyansh,Malhotra,West Bengal
162,Priya,Joshi,Bihar
163,Rohan,Davis,Chhattisgarh
164,Sarah,Tiwari,Maharashtra
165,Aarav,Smith,Gujarat
166,Pooja,Wilson,Assam
167,Elizabeth,Agarwal,Gujarat
168,Arjun,Jones,Assam
169,Rahul,Rao,Punjab
170,Riya,Verma,Jharkhand
171,Myra,Saxena,Bihar
172,Sanjay,Davis,West Bengal
173,Sai,Kapoor,Odisha
174,Patricia,Mishra,Odisha
175,Sai,Wilson,Assam
176,Anil,Mehta,Tamil Nadu
177,Neha,Brown,Uttar Pradesh
178,Reyansh,Chopra,Madhya Pradesh
179,Aditya,Saxena,Chhattisgarh
180,Aarav,Davis,Karnataka
181,Mary,Tiwari,Goa
182,James,Iyer,Jharkhand
183,Anjali,Reddy,Odisha
184,Amit,Joshi,Maharashtra
185,Jennifer,Rao,Odisha
186,Amit,Saxena,Goa
187,Nikita,Agarwal,Haryana
188,David,Kapoor,Tamil Nadu
189,Reyansh,Jones,West Bengal
190,Aarav,Mehta,Haryana
191,Linda,Smith,Kerala
192,Anjali,Bansal,Haryana
193,William,Singh,Maharashtra
194,Sarah,Patel,Assam
195,Ishaan,Davis,Madhya Pradesh
196,Reyansh,Nair,Goa
197,Saanvi,Reddy,Tamil Nadu
198,Emily,Wilson,Bihar
199,Aadhya,Kapoor,Rajasthan
200,David,Mehta,Tamil Nadu
201,Thomas,Malhotra,Maharashtra
202,Emily,Smith,Uttarakhand
203,Krishna,Jones,Odisha
204,Ravi,Johnson,Uttarakhand
205,Pooja,Kumar,Assam
206,Aarav,Bansal,Maharashtra
207,Anjali,Taylor,Madhya Pradesh
208,Linda,Mishra,Assam
209,Emily,Bansal,Gujarat
210,William,Mishra,Gujarat
211,Richard,Davis,Delhi
212,Reyansh,Chopra,Goa
213,Nikita,Anderson,Punjab
214,Pooja,Anderson,Bihar
215,Manoj,Tiwari,West Bengal
216,Riya,Chopra,Punjab
217,Anika,Kapoor,Delhi
218,Ishaan,Malhotra,Goa
219,William,Anderson,Jharkhand
220,Meera,Davis,Chhattisgarh
221,Susan,Mehta,Chhattisgarh
222,James,Reddy,Rajasthan
223,Aadhya,Tiwari,Kerala
224,Michael,Joshi,Delhi
225,David,Smith,Gujarat
226,Pooja,Saxena,Punjab
227,David,Singh,Haryana
228,Anjali,Agarwal,Uttarakhand
229,Divya,Johnson,Madhya Pradesh
230,Michael,Brown,Chhattisgarh
231,Anika,Anderson,Madhya Pradesh
232,Patricia,Sharma,Jharkhand
233,Reyansh,Sharma,Bihar
234,Rohan,Verma,Maharashtra
235,Saanvi,Nair,Gujarat
236,Anika,Johnson,Telangana
237,Rohan,Davis,Maharashtra
238,William,Miller,Kerala
239,Aadhya,Jones,Chhattisgarh
240,Aditya,Joshi,Odisha
241,Reyansh,Tiwari,Chhattisgarh
242,Susan,Rao,Chhattisgarh
243,Rajesh,Rao,Jharkhand
244,Mary,Miller,Kerala
245,William,Johnson,Maharashtra
246,Emily,Chopra,Bihar
247,Manoj,Miller,Punjab
248,Anjali,Verma,Uttar Pradesh
249,Joseph,Nair,Rajasthan
250,Swati,Wilson,Odisha
251,Linda,Rao,Haryana
252,Thomas,Mishra,Chhattisgarh
253,Joseph,Tiwari,Rajasthan
254,Chris,Brown,Rajasthan
255,Anika,Kapoor,Gujarat
256,Michael,Gupta,Gujarat
257,Diya,Brown,Jharkhand
258,Krishna,Chopra,Maharashtra
259,Deepak,Nair,Chhattisgarh
260,Kavya,Kumar,Gujarat
261,Shreya,Wilson,Telangana
262,Aarav,Mehta,Odisha
263,David,Taylor,Delhi
264,Aditya,Kumar,Punjab
265,Nikita,Verma,Goa
266,Linda,Johnson,Kerala
267,Neha,Miller,Uttarakhand
268,Anjali,Joshi,Karnataka
269,Mary,Williams,Punjab
270,Sneha,Rao,Gujarat
271,Sneha,Gupta,Jharkhand
272,Ananya,Malhotra,Chhattisgarh
273,Kiran,Chopra,Karnataka
274,Suresh,Rao,Rajasthan
275,Robert,Mehta,Punjab
276,Vikram,Iyer,Rajasthan
277,Thomas,Tiwari,Jharkhand
278,Priya,Saxena,Uttar Pradesh
279,Krishna,Johnson,Haryana
280,Anil,Rao,Goa
281,Karen,Tiwari,West Bengal
282,Aditya,Johnson,Punjab
283,Rajesh,Taylor,Tamil Nadu
284,Rajesh,Nair,Chhattisgarh
285,Richard,Iyer,Uttar Pradesh
286,Karen,Bansal,Haryana
287,Pooja,Miller,Jharkhand
288,Anil,Agarwal,Maharashtra
289,Anika,Anderson,Rajasthan
290,Rahul,Bansal,Karnataka
291,Reyansh,Patel,Chhattisgarh
292,Kiran,Sharma,Karnataka
293,Aadhya,Johnson,Rajasthan
294,Susan,Johnson,Madhya Pradesh
295,Linda,Singh,Rajasthan
296,Kiran,Davis,Madhya Pradesh
297,John,Davis,Karnataka
298,Joseph,Johnson,Delhi
299,Vivaan,Kapoor,Punjab
300,Aditya,Gupta,Karnataka
301,Vihaan,Patel,Telangana
302,Anjali,Gupta,Uttarakhand
303,Jennifer,Rao,Telangana
304,Manoj,Chopra,Odisha
305,James,Chopra,Madhya Pradesh
306,Rahul,Sharma,Bihar
307,Michael,Singh,Chhattisgarh
308,Aarav,Smith,Goa
309,Arjun,Jones,Uttarakhand
310,Aditya,Williams,Karnataka
311,Suresh,Taylor,Jharkhand
312,Reyansh,Iyer,Kerala
313,Nikita,Gupta,Kerala
314,Thomas,Taylor,Odisha
315,Rajesh,Chopra,Uttar Pradesh
316,Priya,Patel,Chhattisgarh
317,Myra,Kumar,Bihar
318,Mary,Miller,Chhattisgarh
319,Anika,Smith,Delhi
320,Meera,Johnson,Haryana
321,Aarav,Saxena,Chhattisgarh
322,Rohan,Singh,Maharashtra
323,Aarav,Mishra,Goa
324,Sanjay,Saxena,Chhattisgarh
325,Sai,Iyer,Rajasthan
326,Joseph,Brown,Haryana
327,Aadhya,Malhotra,Jharkhand
328,Rohan,Patel,Gujarat
329,Myra,Tiwari,Telangana
330,Saanvi,Singh,Gujarat
331,Robert,Miller,Uttarakhand
332,Elizabeth,Verma,Chhattisgarh
333,Ravi,Smith,Chhattisgarh
334,Arjun,Iyer,Karnataka
335,Kavya,Singh,Rajasthan
336,Richard,Mishra,Assam
337,Amit,Joshi,Delhi
338,Robert,Smith,West Bengal
339,Reyansh,Iyer,Goa
340,Arjun,Anderson,Rajasthan
341,Rahul,Agarwal,Odisha
342,Amit,Tiwari,Kerala
343,William,Mishra,Delhi
344,Divya,Mishra,Haryana
345,Patricia,Mehta,Madhya Pradesh
346,Ananya,Sharma,Punjab
347,Isha,Miller,West Bengal
348,David,Brown,Madhya Pradesh
349,Riya,Davis,Haryana
350,Ishaan,Johnson,Punjab
351,Jessica,Agarwal,Odisha
352,Anil,Joshi,Kerala
353,Neha,Saxena,Tamil Nadu
354,Diya,Smith,Goa
355,Sai,Davis,Telangana
356,Elizabeth,Davis,Delhi
357,Sarah,Saxena,Rajasthan
358,Kavya,Brown,Karnataka
359,Richard,Gupta,Uttar Pradesh
360,Elizabeth,Bansal,Uttar Pradesh
361,Jennifer,Mishra,Uttarakhand
362,Sanjay,Jones,Uttarakhand
363,Aadhya,Taylor,Maharashtra
364,Anjali,Nair,Chhattisgarh
365,Sarah,Saxena,Assam
366,John,Jones,Delhi
367,Vikram,Chopra,West Bengal
368,Sarah,Jones,Uttarakhand
369,Richard,Wilson,Kerala
370,Ishaan,Kapoor,Jharkhand
371,Pooja,Gupta,Bihar
372,Vikram,Bansal,Uttar Pradesh
373,Robert,Rao,Goa
374,Michael,Patel,Jharkhand
375,Ishaan,Kapoor,Gujarat
376,Diya,Mishra,Uttarakhand
377,Robert,Wilson,Delhi
378,Joseph,Brown,Assam
379,Suresh,Verma,West Bengal
380,Thomas,Agarwal,West Bengal
381,Arjun,Nair,Haryana
382,Myra,Verma,Rajasthan
383,Sneha,Taylor,Haryana
384,Rajesh,Agarwal,Odisha
385,Jessica,Verma,Maharashtra
386,John,Mehta,Tamil Nadu
387,David,Bansal,Telangana
388,Linda,Brown,Telangana
389,Shreya,Saxena,Uttarakhand
390,Diya,Chopra,Bihar
391,Vikram,Mishra,Karnataka
392,Sneha,Nair,Bihar
393,Karen,Rao,Jharkhand
394,Sanjay,Joshi,Haryana
395,Neha,Miller,Assam
396,Jessica,Tiwari,Uttar Pradesh
397,Pooja,Anderson,Delhi
398,Anil,Patel,West Bengal
399,Arjun,Bansal,Telangana
400,Aadhya,Kumar,Gujarat
401,Ananya,Joshi,Goa
402,David,Davis,Tamil Nadu
403,Robert,Rao,Madhya Pradesh
404,Patricia,Mehta,Tamil Nadu
405,Priya,Johnson,Assam
406,Priya,Reddy,Uttarakhand
407,Ananya,Smith,Madhya Pradesh
408,Vivaan,Rao,Maharashtra
409,Ishaan,Mishra,Uttarakhand
410,Ananya,Kumar,Jharkhand
411,Aditya,Anderson,Uttarakhand
412,Rohan,Verma,Gujarat
413,Kavya,Taylor,Gujarat
414,Sneha,Chopra,Goa
415,Divya,Smith,Uttar Pradesh
416,Jessica,Brown,Kerala
417,Sai,Reddy,Odisha
418,Nikita,Agarwal,Assam
419,Ananya,Rao,Madhya Pradesh
420,Nikita,Kumar,Uttarakhand
421,Jennifer,Jones,Gujarat
422,Swati,Johnson,Jharkhand
423,Kavya,Patel,Punjab
424,Emily,Kapoor,Goa
425,Shreya,Gupta,West Bengal
426,Rajesh,Chopra,Delhi
427,Reyansh,Sharma,Rajasthan
428,Sneha,Wilson,Jharkhand
429,Michael,Malhotra,Delhi
430,Nikita,Singh,Gujarat
431,Priya,Anderson,Goa
432,Nikita,Verma,Chhattisgarh
433,Pooja,Jones,Tamil Nadu
434,Sai,Agarwal,Delhi
435,Sarah,Tiwari,Chhattisgarh
436,Jennifer,Sharma,Madhya Pradesh
437,Sneha,Malhotra,Haryana
438,Susan,Verma,Jharkhand
439,Deepak,Rao,Assam
440,Mary,Jones,Bihar
441,Suresh,Mishra,Uttarakhand
442,Reyansh,Malhotra,Delhi
443,Kavya,Agarwal,West Bengal
444,Karen,Wilson,Karnataka
445,Anika,Tiwari,Chhattisgarh
446,Manoj,Nair,Rajasthan
447,Aarav,Williams,Uttar Pradesh
448,Divya,Bansal,Tamil Nadu
449,Sneha,Sharma,Bihar
450,John,Reddy,Punjab
451,Manoj,Joshi,Tamil Nadu
452,Rohan,Malhotra,Uttarakhand
453,Kavya,Nair,Chhattisgarh
454,Deepak,Mishra,Haryana
455,Swati,Nair,Bihar
456,Thomas,Reddy,Madhya Pradesh
457,Anjali,Miller,Chhattisgarh
458,Priya,Patel,Haryana
459,Anjali,Saxena,Assam
460,Kavya,Iyer,Uttarakhand
461,Suresh,Jones,Bihar
462,Joseph,Kumar,Tamil Nadu
463,Joseph,Rao,Odisha
464,Mary,Williams,Gujarat
465,Reyansh,Reddy,Jharkhand
466,Sanjay,Miller,Punjab
467,Patricia,Saxena,Goa
468,William,Johnson,Maharashtra
469,Ananya,Chopra,Uttar Pradesh
470,Patricia,Gupta,Delhi
471,Priya,Taylor,Goa
472,Deepak,Gupta,Karnataka
473,Kavya,Rao,Haryana
474,Sai,Tiwari,Maharashtra
475,Richard,Chopra,Bihar
476,Swati,Smith,Jharkhand
477,Anika,Williams,Goa
478,Vihaan,Jones,Gujarat
479,James,Agarwal,Odisha
480,Aarav,Reddy,Jharkhand
481,Anika,Reddy,Maharashtra
482,Mary,Tiwari,Jharkhand
483,Sneha,Williams,West Bengal
484,Swati,Patel,Maharashtra
485,Vikram,Rao,Uttar Pradesh
486,Ananya,Gupta,Telangana
487,Chris,Chopra,Haryana
488,Robert,Chopra,Bihar
489,Shreya,Reddy,Jharkhand
490,Aarav,Brown,Karnataka
491,Karen,Gupta,Chhattisgarh
492,Anika,Brown,Chhattisgarh
493,Karen,Mishra,Haryana
494,Suresh,Davis,Telangana
495,Myra,Tiwari,Rajasthan
496,Ravi,Taylor,Bihar
497,Divya,Sharma,Telangana
498,Diya,Malhotra,Jharkhand
499,Reyansh,Saxena,Karnataka
500,Pooja,Iyer,Punjab
501,Krishna,Miller,Jharkhand
502,Kavya,Anderson,Chhattisgarh
503,Jennifer,Miller,Uttarakhand
504,Kavya,Williams,Odisha
505,Rajesh,Mishra,Assam
506,Chris,Rao,Punjab
507,Chris,Kapoor,Odisha
508,Sarah,Mishra,Uttar Pradesh
509,Priya,Singh,Telangana
510,Arjun,Chopra,West Bengal
511,Michael,Williams,West Bengal
512,Patricia,Mehta,Madhya Pradesh
513,Suresh,Bansal,Chhattisgarh
514,Aarav,Williams,Telangana
515,Isha,Iyer,Karnataka
516,Sanjay,Johnson,Punjab
517,Arjun,Saxena,Gujarat
518,Priya,Mehta,Haryana
519,Aadhya,Anderson,Uttarakhand
520,Riya,Patel,Rajasthan
521,Neha,Brown,Rajasthan
522,Isha,Brown,West Bengal
523,Susan,Nair,Rajasthan
524,Myra,Reddy,West Bengal
525,Linda,Tiwari,Haryana
526,Rohan,Jones,Tamil Nadu
527,Krishna,Taylor,Karnataka
528,Michael,Johnson,Assam
529,Swati,Sharma,Chhattisgarh
530,Aditya,Wilson,Assam
531,Vikram,Tiwari,Punjab
532,Neha,Anderson,Uttarakhand
533,Susan,Nair,Assam
534,Diya,Jones,Jharkhand
535,Riya,Chopra,West Bengal
536,Thomas,Mishra,Delhi
537,Vihaan,Bansal,Madhya Pradesh
538,Priya,Saxena,Maharashtra
539,Pooja,Joshi,Bihar
540,Susan,Johnson,Gujarat
541,Ravi,Singh,Jharkhand
542,Ravi,Mehta,Uttar Pradesh
543,Aarav,Johnson,Rajasthan
544,Rajesh,Mishra,Tamil Nadu
545,Rahul,Joshi,Goa
546,Susan,Nair,Gujarat
547,Anjali,Nair,West Bengal
548,Riya,Agarwal,Goa
549,Amit,Joshi,Gujarat
550,Neha,Malhotra,Rajasthan
551,Manoj,Williams,Haryana
552,Vikram,Wilson,Bihar
553,Riya,Kapoor,Gujarat
554,Divya,Kumar,Uttarakhand
555,Michael,Rao,Tamil Nadu
556,Richard,Nair,West Bengal
557,Anjali,Malhotra,Bihar
558,Saanvi,Kumar,Delhi
559,Priya,Miller,Uttar Pradesh
560,Diya,Malhotra,Assam
561,Ishaan,Anderson,Jharkhand
562,Kiran,Brown,Punjab
563,Mary,Agarwal,Kerala
564,Kavya,Saxena,Uttarakhand
565,Vihaan,Chopra,Tamil Nadu
566,William,Patel,Maharashtra
567,Aadhya,Davis,Telangana
568,Priya,Davis,Tamil Nadu
569,Anil,Brown,Punjab
570,Kavya,Joshi,Haryana
571,Anjali,Saxena,Telangana
572,Suresh,Sharma,Madhya Pradesh
573,Krishna,Joshi,Goa
574,Saanvi,Mishra,Uttarakhand
575,John,Smith,Chhattisgarh
576,Diya,Jones,Kerala
577,Suresh,Mehta,Jharkhand
578,Neha,Jones,Odisha
579,Jessica,Gupta,Bihar
580,Swati,Iyer,Odisha
581,James,Kumar,Gujarat
582,James,Miller,Punjab
583,Manoj,Smith,Goa
584,Divya,Chopra,Karnataka
585,Sai,Patel,Punjab
586,Myra,Mehta,Punjab
587,John,Iyer,Telangana
588,Nikita,Smith,Bihar
589,Riya,Anderson,Odisha
590,Chris,Wilson,Haryana
591,Joseph,Mishra,Jharkhand
592,Anil,Malhotra,Gujarat
593,Diya,Wilson,Uttar Pradesh
594,Ishaan,Brown,West Bengal
595,Robert,Nair,Karnataka
596,Aadhya,Patel,Bihar
597,Reyansh,Singh,Karnataka
598,Emily,Anderson,Assam
599,Anjali,Verma,Uttar Pradesh
600,Chris,Chopra,Jharkhand
601,Thomas,Gupta,Tamil Nadu
602,Kavya,Tiwari,Delhi
603,Sai,Smith,Bihar
604,Meera,Rao,West Bengal
605,Joseph,Iyer,Odisha
606,James,Kumar,Delhi
607,Sneha,Davis,Gujarat
608,Vivaan,Verma,Haryana
609,Susan,Taylor,Punjab
610,Susan,Agarwal,Odisha
611,Susan,Saxena,Telangana
612,Anjali,Kapoor,Delhi
613,William,Saxena,Gujarat
614,Shreya,Tiwari,Odisha
615,James,Brown,Uttarakhand
616,Deepak,Bansal,Chhattisgarh
617,Meera,Taylor,Haryana
618,Priya,Saxena,West Bengal
619,Patricia,Gupta,Odisha
620,Meera,Joshi,Madhya Pradesh
621,Kavya,Kumar,Kerala
622,Aarav,Sharma,Jharkhand
623,Jennifer,Jones,Delhi
624,Suresh,Iyer,Assam
625,Kiran,Sharma,Assam
626,Thomas,Agarwal,Kerala
627,Aarav,Jones,Madhya Pradesh
628,Patricia,Iyer,Goa
629,Myra,Miller,Uttar Pradesh
630,Anjali,Joshi,Rajasthan
631,Manoj,Anderson,Chhattisgarh
632,Deepak,Chopra,West Bengal
633,Ananya,Williams,Bihar
634,Linda,Chopra,West Bengal
635,Kavya,Gupta,Madhya Pradesh
636,James,Rao,Jharkhand
637,Thomas,Miller,Goa
638,Patricia,Williams,Telangana
639,Anika,Smith,Chhattisgarh
640,Patricia,Nair,Madhya Pradesh
641,Saanvi,Wilson,Karnataka
642,Diya,Kumar,Kerala
643,Krishna,Smith,Odisha
644,Swati,Kapoor,Telangana
645,William,Tiwari,Assam
646,Saanvi,Mehta,Uttar Pradesh
647,Rohan,Verma,Chhattisgarh
648,Vivaan,Patel,Tamil Nadu
649,Anika,Nair,Delhi
650,David,Kapoor,Uttar Pradesh
651,Myra,Gupta,Delhi
652,Aarav,Agarwal,Rajasthan
653,Amit,Malhotra,Kerala
654,Mary,Miller,Assam
655,Vikram,Kapoor,Maharashtra
656,Amit,Gupta,Delhi
657,Vihaan,Nair,Bihar
658,Arjun,Saxena,Assam
659,Diya,Reddy,Telangana
660,Jennifer,Chopra,Uttar Pradesh
661,Krishna,Jones,West Bengal
662,Rajesh,Jones,Odisha
663,Isha,Brown,Maharashtra
664,Saanvi,Kapoor,Tamil Nadu
665,Sneha,Johnson,Rajasthan
666,Priya,Chopra,Kerala
667,Emily,Mehta,Gujarat
668,James,Brown,Maharashtra
669,Joseph,Taylor,Chhattisgarh
670,Sneha,Singh,Telangana
671,Priya,Smith,Kerala
672,Saanvi,Joshi,Maharashtra
673,Susan,Johnson,Rajasthan
674,Krishna,Rao,Madhya Pradesh
675,Rahul,Sharma,Gujarat
676,Mary,Nair,Uttarakhand
677,Krishna,Chopra,West Bengal
678,Aarav,Verma,Uttarakhand
679,Mary,Williams,Assam
680,William,Tiwari,Delhi
681,Vikram,Jones,Karnataka
682,Isha,Patel,Assam
683,Sai,Johnson,Goa
684,Amit,Taylor,Maharashtra
685,Vihaan,Joshi,Delhi
686,William,Saxena,Tamil Nadu
687,Ishaan,Agarwal,West Bengal
688,Rahul,Saxena,Haryana
689,Patricia,Anderson,Odisha
690,Richard,Reddy,Uttar Pradesh
691,William,Chopra,Haryana
692,Richard,Kumar,Telangana
693,Sarah,Verma,Assam
694,David,Kapoor,Chhattisgarh
695,Anika,Saxena,Assam
696,Saanvi,Mishra,Gujarat
697,Kiran,Joshi,Punjab
698,Richard,Kapoor,Telangana
699,Susan,Davis,Goa
700,Karen,Wilson,Chhattisgarh
701,Ananya,Gupta,Jharkhand
702,Rohan,Kapoor,Kerala
703,Jennifer,Nair,Chhattisgarh
704,Vikram,Kapoor,Uttar Pradesh
705,Chris,Smith,Jharkhand
706,Rajesh,Brown,Gujarat
707,Jessica,Sharma,Goa
708,Elizabeth,Joshi,Goa
709,Isha,Mehta,Karnataka
710,Robert,Saxena,Bihar
711,Saanvi,Bansal,Assam
712,Chris,Saxena,Delhi
713,Swati,Iyer,Punjab
714,Manoj,Smith,Punjab
715,Krishna,Singh,Jharkhand
716,Robert,Gupta,Maharashtra
717,Linda,Kumar,Gujarat
718,Susan,Verma,Rajasthan
719,Reyansh,Agarwal,Rajasthan
720,Reyansh,Verma,Uttarakhand
721,John,Davis,Bihar
722,Robert,Agarwal,Jharkhand
723,Swati,Williams,Uttarakhand
724,Kavya,Verma,Haryana
725,Myra,Tiwari,Karnataka
726,Aarav,Taylor,Rajasthan
727,John,Agarwal,Karnataka
728,Ravi,Miller,Maharashtra
729,Vikram,Saxena,Madhya Pradesh
730,Jennifer,Joshi,Maharashtra
731,Jennifer,Tiwari,Telangana
732,Sneha,Verma,Karnataka
733,Linda,Iyer,Karnataka
734,Aadhya,Bansal,Tamil Nadu
735,Reyansh,Brown,West Bengal
736,Kiran,Chopra,Rajasthan
737,Saanvi,Bansal,West Bengal
738,Divya,Smith,Gujarat
739,Anjali,Brown,Chhattisgarh
740,Manoj,Brown,Tamil Nadu
741,Chris,Smith,Uttarakhand
742,Suresh,Johnson,Odisha
743,William,Johnson,Madhya Pradesh
744,Jessica,Singh,Gujarat
745,Mary,Patel,Chhattisgarh
746,Sanjay,Bansal,Punjab
747,Robert,Patel,Chhattisgarh
748,Nikita,Kapoor,Haryana
749,Sarah,Mehta,Chhattisgarh
750,Rahul,Wilson,Haryana
751,Manoj,Jones,Madhya Pradesh
752,Jennifer,Brown,Punjab
753,Nikita,Rao,Uttarakhand
754,Kiran,Reddy,Bihar
755,Chris,Saxena,Telangana
756,Vikram,Kapoor,Odisha
757,Sanjay,Sharma,Maharashtra
758,Anika,Tiwari,Uttar Pradesh
759,Sneha,Kumar,Kerala
760,Aarav,Iyer,West Bengal
761,Aadhya,Wilson,Punjab
762,Vivaan,Jones,Telangana
763,Karen,Saxena,Jharkhand
764,Anjali,Mishra,Uttarakhand
765,Rohan,Singh,Maharashtra
766,Ravi,Joshi,Delhi
767,Ishaan,Nair,Haryana
768,Jessica,Mishra,West Bengal
769,Myra,Nair,Kerala
770,Sai,Mishra,Bihar
771,Divya,Taylor,Rajasthan
772,Richard,Gupta,Punjab
773,Mary,Agarwal,Gujarat
774,Neha,Davis,Uttarakhand
775,Jennifer,Taylor,Tamil Nadu
776,Nikita,Smith,Kerala
777,Aditya,Brown,Uttarakhand
778,Rajesh,Gupta,Maharashtra
779,Karen,Jones,Punjab
780,Suresh,Anderson,Madhya Pradesh
781,Manoj,Taylor,Tamil Nadu
782,Susan,Jones,West Bengal
783,Joseph,Smith,Goa
784,Emily,Sharma,Bihar
785,Vihaan,Iyer,Jharkhand
786,Aditya,Mehta,Chhattisgarh
787,Divya,Kumar,Punjab
788,Pooja,Williams,West Bengal
789,Rohan,Verma,Bihar
790,Anil,Jones,Goa
791,Divya,Bansal,Karnataka
792,Myra,Malhotra,Kerala
793,Mary,Chopra,Delhi
794,Ishaan,Mehta,Karnataka
795,Priya,Mishra,Maharashtra
796,Anjali,Chopra,Telangana
797,Sai,Chopra,Jharkhand
798,Deepak,Jones,Delhi
799,Thomas,Kumar,Assam
800,Anjali,Reddy,Assam
801,Sanjay,Smith,Uttarakhand
802,Saanvi,Saxena,Goa
803,Joseph,Bansal,West Bengal
804,Isha,Gupta,Telangana
805,Chris,Malhotra,Punjab
806,Michael,Taylor,Uttarakhand
807,Sai,Singh,Madhya Pradesh
808,Deepak,Joshi,Haryana
809,Saanvi,Mehta,Haryana
810,Nikita,Smith,Uttar Pradesh
811,Chris,Iyer,Gujarat
812,Suresh,Tiwari,Odisha
813,Swati,Kumar,Odisha
814,Aditya,Taylor,West Bengal
815,Saanvi,Johnson,Haryana
816,Rohan,Jones,Karnataka
817,Krishna,Brown,Maharashtra
818,Isha,Tiwari,Delhi
819,Susan,Davis,Kerala
820,Aarav,Mehta,Tamil Nadu
821,Meera,Kapoor,Assam
822,Vivaan,Mehta,Rajasthan
823,Joseph,Saxena,Rajasthan
824,Aadhya,Saxena,Jharkhand
825,Thomas,Nair,Chhattisgarh
826,Priya,Tiwari,Delhi
827,William,Williams,Uttar Pradesh
828,Rajesh,Mishra,Jharkhand
829,Aditya,Nair,Gujarat
830,Vihaan,Iyer,Rajasthan
831,Mary,Williams,Goa
832,Riya,Verma,Odisha
833,John,Sharma,Karnataka
834,Rajesh,Johnson,Telangana
835,Robert,Wilson,Haryana
836,Susan,Singh,Uttar Pradesh
837,Anika,Wilson,Bihar
838,Myra,Chopra,Jharkhand
839,David,Singh,Punjab
840,Neha,Wilson,Goa
841,Kiran,Gupta,Gujarat
842,Saanvi,Bansal,Odisha
843,Anjali,Taylor,Uttar Pradesh
844,Aditya,Rao,Jharkhand
845,Meera,Mehta,Assam
846,Sanjay,Brown,Gujarat
847,Vivaan,Joshi,Haryana
848,Suresh,Smith,Kerala
849,Isha,Bansal,Telangana
850,Patricia,Verma,Telangana
851,Jessica,Chopra,Uttar Pradesh
852,Anjali,Nair,West Bengal
853,Rohan,Mehta,Bihar
854,Robert,Kumar,Karnataka
855,Richard,Chopra,Jharkhand
856,Michael,Tiwari,West Bengal
857,Manoj,Rao,Uttarakhand
858,Rohan,Malhotra,Kerala
859,Karen,Tiwari,Punjab
860,Anil,Saxena,Delhi
861,Aadhya,Smith,Delhi
862,Shreya,Saxena,Rajasthan
863,Susan,Kumar,Kerala
864,William,Williams,Jharkhand
865,Karen,Kumar,Madhya Pradesh
866,Karen,Jones,Delhi
867,John,Taylor,Uttarakhand
868,Karen,Patel,Punjab
869,Arjun,Saxena,Chhattisgarh
870,Richard,Singh,Gujarat
871,Rahul,Davis,Delhi
872,Richard,Sharma,Punjab
873,Jessica,Malhotra,Madhya Pradesh
874,Meera,Kapoor,Telangana
875,Rohan,Jones,Rajasthan
876,Reyansh,Kumar,Gujarat
877,Vivaan,Jones,Goa
878,Swati,Nair,Goa
879,Divya,Tiwari,West Bengal
880,Nikita,Rao,West Bengal
881,Michael,Sharma,Haryana
882,Sai,Williams,Assam
883,Ishaan,Bansal,Goa
884,Priya,Williams,Haryana
885,Diya,Wilson,Bihar
886,Neha,Agarwal,Delhi
887,Ananya,Reddy,West Bengal
888,Aditya,Malhotra,Uttar Pradesh
889,Emily,Nair,Madhya Pradesh
890,Myra,Brown,Rajasthan
891,Thomas,Reddy,Karnataka
892,Diya,Taylor,Odisha
893,Susan,Tiwari,Assam
894,William,Mehta,Odisha
895,Jessica,Rao,Madhya Pradesh
896,Sanjay,Jones,Maharashtra
897,Nikita,Brown,Bihar
898,Richard,Mehta,Bihar
899,Swati,Brown,Uttarakhand
900,Nikita,Saxena,Jharkhand
901,John,Anderson,Maharashtra
902,Sneha,Singh,Odisha
903,Ravi,Davis,Maharashtra
904,Jessica,Rao,Jharkhand
905,Kiran,Chopra,Maharashtra
906,Anjali,Chopra,Jharkhand
907,Thomas,Smith,Maharashtra
908,Saanvi,Iyer,Odisha
909,Sanjay,Anderson,Kerala
910,Chris,Davis,Kerala
911,Ravi,Patel,Madhya Pradesh
912,Anika,Tiwari,Maharashtra
913,William,Bansal,Delhi
914,Ravi,Davis,Odisha
915,Sai,Brown,Jharkhand
916,Krishna,Patel,Uttarakhand
917,Sarah,Williams,Chhattisgarh
918,Ishaan,Chopra,Madhya Pradesh
919,Rahul,Kapoor,Uttar Pradesh
920,Diya,Kapoor,Uttarakhand
921,Sarah,Williams,Rajasthan
922,Jessica,Kapoor,Karnataka
923,Kavya,Mehta,Gujarat
924,David,Brown,Tamil Nadu
925,Sai,Singh,Odisha
926,James,Joshi,Karnataka
927,Sneha,Williams,Bihar
928,Richard,Miller,Jharkhand
929,Swati,Patel,Bihar
930,Anjali,Chopra,Maharashtra
931,Chris,Patel,Punjab
932,Divya,Wilson,Delhi
933,Ananya,Wilson,Delhi
934,Diya,Jones,Maharashtra
935,Manoj,Iyer,Kerala
936,Richard,Jones,Odisha
937,Anika,Smith,Gujarat
938,Krishna,Anderson,Delhi
939,Saanvi,Sharma,Goa
940,Thomas,Nair,Uttar Pradesh
941,Ravi,Agarwal,Assam
942,Kiran,Miller,Uttar Pradesh
943,Nikita,Anderson,Assam
944,Isha,Reddy,Uttarakhand
945,Robert,Agarwal,Odisha
946,Manoj,Kapoor,Karnataka
947,Nikita,Tiwari,Uttar Pradesh
948,Isha,Anderson,Chhattisgarh
949,Riya,Tiwari,Chhattisgarh
950,Jennifer,Davis,Rajasthan
951,Vihaan,Patel,Delhi
952,Vihaan,Smith,Haryana
953,Aditya,Kumar,Maharashtra
954,Robert,Mishra,Goa
955,Meera,Mehta,Karnataka
956,Vihaan,Singh,Madhya Pradesh
957,Diya,Patel,Kerala
958,Swati,Johnson,Goa
959,Divya,Miller,Chhattisgarh
960,Diya,Kapoor,Uttarakhand
961,Vikram,Taylor,Maharashtra
962,Sai,Jones,Kerala
963,Rahul,Joshi,Bihar
964,Jennifer,Gupta,Madhya Pradesh
965,Linda,Saxena,Karnataka
966,Anika,Agarwal,Delhi
967,Krishna,Williams,Telangana
968,Amit,Bansal,Madhya Pradesh
969,Sneha,Reddy,Rajasthan
970,Swati,Verma,Tamil Nadu
971,Divya,Brown,Jharkhand
972,Sai,Agarwal,Goa
973,Emily,Miller,Kerala
974,Deepak,Tiwari,Punjab
975,Kavya,Bansal,Uttarakhand
976,Swati,Joshi,Delhi
977,Swati,Mishra,Assam
978,Sneha,Brown,Assam
979,Neha,Miller,Gujarat
980,Jessica,Tiwari,West Bengal
981,David,Iyer,Rajasthan
982,Aarav,Singh,Uttar Pradesh
983,Ravi,Smith,Tamil Nadu
984,Joseph,Wilson,Rajasthan
985,Patricia,Tiwari,Madhya Pradesh
986,Manoj,Verma,Punjab
987,Suresh,Saxena,Rajasthan
988,Aarav,Smith,Rajasthan
989,William,Iyer,Telangana
990,Mary,Gupta,Kerala
991,Meera,Bansal,Chhattisgarh
992,Rahul,Jones,Uttar Pradesh
993,Krishna,Johnson,Punjab
994,Amit,Chopra,Uttarakhand
995,Swati,Sharma,Gujarat
996,Saanvi,Mehta,Punjab
997,Emily,Johnson,Assam
998,Karen,Agarwal,Maharashtra
999,John,Kumar,Assam
1000,Rohan,Smith,Odisha
