order_id,order_date,customer_id,seller_id,order_status
1,2023-07-04,918,43,Completed
2,2023-02-28,951,96,Completed
3,2023-06-18,307,73,Shipped
4,2022-11-20,569,69,Completed
5,2023-08-15,702,43,Cancelled
6,2022-12-29,68,20,Completed
7,2022-02-01,348,49,Completed
8,2022-06-19,585,78,Completed
9,2023-09-02,120,97,Completed
10,2022-11-19,727,5,Completed
11,2022-03-30,509,31,Completed
12,2022-11-06,222,68,Completed
13,2022-04-25,384,5,Cancelled
14,2022-04-05,455,65,Completed
15,2023-05-10,927,65,Completed
16,2022-12-15,946,62,Shipped
17,2023-06-21,318,100,Completed
18,2022-04-11,842,67,Shipped
19,2022-05-16,211,93,Completed
20,2023-02-01,731,67,Completed
21,2022-11-15,955,6,Shipped
22,2023-09-01,893,12,Completed
23,2022-02-17,106,67,Shipped
24,2022-11-16,24,74,Shipped
25,2023-10-17,914,27,Completed
26,2022-07-17,294,36,Completed
27,2023-03-28,688,16,Completed
28,2022-06-11,281,15,Completed
29,2023-09-30,574,66,Completed
30,2023-07-10,359,71,Completed
31,2022-05-25,966,91,Cancelled
32,2023-08-11,251,22,Completed
33,2023-09-20,914,44,Completed
34,2022-02-21,134,4,Completed
35,2023-11-23,52,14,Completed
36,2022-03-30,437,51,Completed
37,2023-09-03,913,76,Completed
38,2023-12-08,717,58,Completed
39,2022-11-16,341,26,Shipped
40,2023-11-18,829,69,Completed
41,2023-04-22,582,17,Completed
42,2023-12-17,480,13,Completed
43,2023-12-02,660,91,Shipped
44,2023-04-27,238,29,Completed
45,2023-09-24,265,47,Completed
46,2023-12-18,940,86,Completed
47,2022-11-29,465,63,Completed
48,2023-05-02,116,45,Completed
49,2022-06-24,290,99,Completed
50,2023-08-12,131,66,Completed
51,2022-04-20,334,72,Completed
52,2022-11-06,546,60,Completed
53,2023-02-28,245,80,Completed
54,2022-06-12,998,62,Completed
55,2022-12-15,214,89,Completed
56,2023-03-22,581,44,Completed
57,2022-08-30,178,85,Shipped
58,2023-12-30,588,63,Completed
59,2023-09-03,475,42,Completed
60,2023-04-01,181,40,Pending
61,2022-03-13,613,14,Shipped
62,2023-09-03,790,49,Completed
63,2023-10-23,677,8,Completed
64,2022-05-23,909,75,Returned
65,2023-10-14,830,1,Shipped
66,2023-11-08,153,58,Completed
67,2023-02-04,631,74,Completed
68,2022-07-30,698,41,Completed
69,2023-11-27,312,56,Shipped
70,2022-12-19,92,75,Completed
71,2023-06-07,414,17,Returned
72,2022-03-05,379,71,Pending
73,2022-01-01,721,72,Cancelled
74,2023-01-03,113,37,Returned
75,2022-08-29,443,90,Completed
76,2023-10-03,326,92,Completed
77,2023-01-26,446,70,Completed
78,2022-06-27,487,18,Completed
79,2023-01-29,864,47,Cancelled
80,2022-06-07,296,86,Completed
81,2022-01-12,74,83,Completed
82,2023-05-14,674,56,Pending
83,2022-05-20,87,18,Completed
84,2023-03-02,881,59,Returned
85,2023-12-14,619,55,Completed
86,2023-04-11,522,55,Completed
87,2023-04-06,394,46,Completed
88,2023-03-11,620,1,Completed
89,2022-08-31,730,65,Completed
90,2023-07-14,591,47,Completed
91,2022-02-08,582,62,Shipped
92,2022-04-26,595,62,Pending
93,2022-03-23,146,94,Shipped
94,2022-10-14,477,67,Completed
95,2023-09-17,91,32,Completed
96,2023-11-11,984,86,Completed
97,2023-10-11,553,75,Completed
98,2022-02-24,926,44,Completed
99,2022-01-12,481,59,Completed
100,2023-04-26,588,94,Completed
101,2022-12-28,984,38,Completed
102,2022-02-06,712,77,Shipped
103,2023-08-01,267,8,Completed
104,2023-08-16,174,74,Completed
105,2022-10-26,829,95,Completed
106,2022-10-21,497,11,Completed
107,2022-03-20,872,36,Completed
108,2023-09-23,288,36,Returned
109,2022-01-15,760,15,Completed
110,2023-08-29,757,20,Shipped
111,2023-01-14,828,23,Completed
112,2023-12-19,242,63,Completed
113,2023-06-25,883,5,Completed
114,2022-03-28,991,19,Completed
115,2022-06-07,858,64,Shipped
116,2023-02-27,789,50,Completed
117,2023-03-27,744,82,Completed
118,2023-08-15,752,45,Completed
119,2022-09-28,774,15,Completed
120,2023-04-21,409,61,Completed
121,2023-06-30,240,49,Shipped
122,2023-02-04,486,34,Completed
123,2023-03-22,13,37,Returned
124,2023-04-05,392,87,Completed
125,2023-06-27,700,6,Completed
126,2023-06-29,653,46,Pending
127,2023-03-19,626,84,Returned
128,2022-12-10,277,35,Cancelled
129,2022-09-19,671,75,Completed
130,2023-11-23,768,31,Shipped
131,2023-08-26,789,25,Completed
132,2023-11-25,707,24,Completed
133,2022-01-11,689,2,Cancelled
134,2022-01-13,422,13,Completed
135,2023-12-03,457,45,Completed
136,2022-10-18,258,25,Completed
137,2023-09-27,95,8,Pending
138,2023-11-04,916,28,Pending
139,2023-10-16,125,91,Pending
140,2022-03-30,877,78,Completed
141,2023-11-04,783,83,Completed
142,2022-07-09,918,15,Shipped
143,2022-09-17,302,60,Shipped
144,2022-03-19,655,59,Returned
145,2022-10-11,788,55,Shipped
146,2023-11-15,789,99,Completed
147,2022-06-15,800,10,Completed
148,2022-03-05,392,50,Completed
149,2022-03-03,265,34,Completed
150,2022-03-13,504,26,Completed
151,2022-07-02,661,63,Completed
152,2023-07-08,788,56,Completed
153,2023-10-21,109,57,Shipped
154,2022-04-16,36,10,Completed
155,2022-09-14,796,58,Completed
156,2023-05-25,153,84,Completed
157,2022-02-08,681,50,Completed
158,2023-12-18,338,51,Completed
159,2023-06-12,725,99,Completed
160,2023-03-23,414,94,Cancelled
161,2022-03-13,554,29,Completed
162,2023-12-07,838,100,Completed
163,2023-08-04,549,46,Completed
164,2022-11-07,411,8,Completed
165,2023-10-25,93,47,Completed
166,2022-12-15,83,59,Shipped
167,2022-10-24,664,26,Completed
168,2022-02-10,991,50,Shipped
169,2022-11-03,713,50,Returned
170,2023-10-08,706,46,Completed
171,2023-10-10,449,95,Completed
172,2022-02-06,198,4,Shipped
173,2023-08-31,245,63,Completed
174,2023-07-08,659,40,Completed
175,2023-04-06,990,3,Completed
176,2022-02-27,346,93,Completed
177,2022-05-02,217,84,Shipped
178,2023-04-15,963,87,Returned
179,2023-07-04,153,95,Completed
180,2022-03-15,38,95,Completed
181,2023-11-01,20,61,Returned
182,2023-09-26,47,32,Shipped
183,2022-05-14,15,23,Completed
184,2022-11-11,841,13,Completed
185,2022-06-24,856,76,Completed
186,2022-04-19,117,64,Completed
187,2023-09-23,226,9,Cancelled
188,2023-03-13,346,95,Shipped
189,2022-11-29,124,88,Completed
190,2022-05-21,330,28,Shipped
191,2023-08-31,178,43,Completed
192,2022-10-08,145,97,Completed
193,2023-12-15,379,71,Completed
194,2022-09-07,948,75,Completed
195,2022-04-13,811,81,Completed
196,2022-06-11,17,63,Completed
197,2022-01-08,184,12,Shipped
198,2023-08-31,909,37,Completed
199,2023-05-03,709,17,Completed
200,2023-10-18,278,67,Completed
201,2022-09-02,961,23,Completed
202,2022-02-08,611,24,Shipped
203,2023-09-19,974,12,Completed
204,2022-11-05,357,54,Completed
205,2022-08-30,197,16,Pending
206,2022-04-08,634,47,Returned
207,2023-07-07,520,29,Completed
208,2023-10-04,676,27,Completed
209,2022-07-18,116,20,Shipped
210,2023-05-01,510,23,Completed
211,2022-02-14,56,83,Completed
212,2022-08-03,446,33,Completed
213,2023-04-10,45,14,Shipped
214,2023-07-05,181,21,Cancelled
215,2023-05-12,528,15,Completed
216,2022-08-29,739,57,Completed
217,2022-11-30,430,26,Shipped
218,2022-11-30,236,100,Completed
219,2022-08-22,101,31,Shipped
220,2022-07-24,385,29,Completed
221,2023-08-23,497,7,Returned
222,2022-05-29,222,79,Completed
223,2023-02-01,383,18,Completed
224,2022-07-18,648,46,Pending
225,2022-07-27,344,17,Completed
226,2023-08-06,62,36,Completed
227,2023-04-22,470,54,Completed
228,2022-12-18,226,38,Completed
229,2023-10-16,976,79,Returned
230,2023-08-15,994,71,Returned
231,2022-03-30,422,67,Completed
232,2022-08-10,606,61,Cancelled
233,2022-10-13,15,94,Completed
234,2022-09-10,254,42,Completed
235,2022-08-16,914,76,Pending
236,2023-08-11,920,1,Completed
237,2022-02-15,42,61,Shipped
238,2023-06-01,35,55,Completed
239,2023-05-06,830,90,Cancelled
240,2023-04-09,508,31,Completed
241,2022-01-13,710,94,Completed
242,2022-08-12,136,46,Completed
243,2023-10-26,93,3,Completed
244,2022-11-09,166,91,Completed
245,2023-08-08,766,75,Completed
246,2023-04-11,475,99,Completed
247,2023-12-22,416,24,Cancelled
248,2023-01-15,642,60,Shipped
249,2022-01-02,882,81,Completed
250,2023-12-09,341,68,Completed
251,2023-03-13,771,35,Shipped
252,2023-09-20,556,74,Cancelled
253,2023-12-03,83,80,Returned
254,2022-02-26,528,87,Completed
255,2022-02-22,114,50,Completed
256,2023-09-26,42,47,Completed
257,2023-10-26,573,91,Completed
258,2023-12-28,793,27,Completed
259,2022-12-09,245,70,Completed
260,2023-05-05,756,97,Completed
261,2023-12-21,215,97,Shipped
262,2022-08-19,329,46,Returned
263,2023-05-31,697,55,Completed
264,2022-03-06,382,45,Completed
265,2023-05-29,540,16,Completed
266,2023-06-29,695,69,Returned
267,2023-04-08,636,48,Cancelled
268,2023-12-11,829,9,Completed
269,2023-04-14,90,11,Completed
270,2022-07-03,296,10,Completed
271,2022-10-10,115,90,Completed
272,2022-06-04,896,27,Completed
273,2023-10-05,24,38,Completed
274,2023-11-30,555,17,Completed
275,2023-03-07,455,95,Completed
276,2022-10-26,194,9,Completed
277,2022-08-26,855,67,Completed
278,2023-02-26,593,44,Shipped
279,2022-12-01,498,76,Shipped
280,2023-06-27,863,71,Completed
281,2022-11-08,581,17,Returned
282,2022-11-10,176,34,Completed
283,2023-01-16,995,37,Shipped
284,2022-02-18,152,46,Completed
285,2022-06-20,634,21,Shipped
286,2022-10-20,187,23,Cancelled
287,2023-12-11,927,86,Cancelled
288,2022-06-15,244,15,Completed
289,2022-11-21,589,17,Completed
290,2023-01-14,189,27,Completed
291,2022-02-05,682,41,Pending
292,2022-06-01,382,58,Completed
293,2022-06-16,547,39,Completed
294,2022-01-26,415,64,Shipped
295,2023-04-15,951,41,Completed
296,2023-07-14,1000,65,Completed
297,2023-12-24,303,61,Returned
298,2023-08-11,683,19,Cancelled
299,2023-03-29,347,89,Completed
300,2023-05-06,922,6,Completed
301,2023-07-19,120,40,Completed
302,2023-09-25,862,29,Completed
303,2022-04-05,335,8,Completed
304,2022-07-19,598,68,Completed
305,2022-10-12,201,3,Completed
306,2023-04-02,694,86,Pending
307,2023-06-09,404,25,Completed
308,2023-09-10,620,66,Pending
309,2023-11-14,370,51,Completed
310,2023-03-14,379,50,Completed
311,2022-10-19,354,45,Completed
312,2023-04-02,896,72,Completed
313,2023-03-31,760,54,Cancelled
314,2022-10-23,168,94,Pending
315,2023-03-11,747,54,Completed
316,2023-08-25,613,12,Completed
317,2022-11-07,487,68,Pending
318,2022-03-09,956,76,Shipped
319,2022-04-01,7,53,Completed
320,2022-10-07,425,23,Completed
321,2023-12-29,582,97,Returned
322,2022-07-24,191,49,Completed
323,2023-05-18,44,39,Cancelled
324,2022-11-08,506,72,Shipped
325,2022-08-18,28,1,Completed
326,2022-11-04,979,82,Cancelled
327,2023-04-29,128,84,Shipped
328,2022-10-22,428,23,Completed
329,2023-12-06,661,32,Completed
330,2022-10-11,505,9,Completed
331,2023-01-06,596,62,Completed
332,2022-09-22,644,88,Completed
333,2023-12-12,838,16,Completed
334,2023-08-13,18,34,Completed
335,2022-03-01,150,41,Completed
336,2023-12-11,139,46,Completed
337,2022-10-07,370,54,Completed
338,2022-12-31,50,38,Completed
339,2023-10-17,959,10,Completed
340,2023-10-06,188,98,Completed
341,2022-06-21,557,42,Returned
342,2023-12-03,820,39,Completed
343,2023-12-16,705,47,Completed
344,2023-08-17,361,19,Completed
345,2023-06-15,289,48,Cancelled
346,2023-02-26,349,21,Completed
347,2022-06-08,516,29,Cancelled
348,2023-07-27,629,89,Cancelled
349,2023-06-23,867,69,Shipped
350,2023-12-21,775,15,Completed
351,2022-03-20,120,17,Returned
352,2023-05-07,357,40,Shipped
353,2022-05-23,837,57,Returned
354,2023-09-04,536,98,Pending
355,2022-06-26,727,39,Completed
356,2022-05-02,228,17,Returned
357,2022-05-26,705,30,Completed
358,2022-08-03,134,11,Completed
359,2022-04-25,80,3,Cancelled
360,2023-03-18,44,26,Completed
361,2023-11-07,526,76,Completed
362,2022-05-02,931,33,Completed
363,2022-11-05,684,2,Shipped
364,2022-05-07,943,78,Completed
365,2022-07-24,190,86,Completed
366,2022-04-03,150,96,Pending
367,2023-08-17,357,46,Completed
368,2023-05-28,800,94,Completed
369,2023-06-02,584,9,Completed
370,2023-08-16,782,2,Completed
371,2022-07-16,988,37,Completed
372,2023-07-05,5,93,Completed
373,2022-08-08,943,65,Returned
374,2023-05-02,376,90,Completed
375,2023-03-27,690,14,Completed
376,2022-12-30,389,55,Completed
377,2022-08-22,418,15,Shipped
378,2022-11-18,127,60,Completed
379,2022-05-20,508,98,Completed
380,2022-10-23,571,93,Completed
381,2022-12-02,506,15,Completed
382,2023-04-13,615,95,Completed
383,2023-03-31,232,71,Completed
384,2023-03-15,194,9,Returned
385,2023-05-03,962,87,Completed
386,2022-01-14,691,63,Shipped
387,2023-02-10,449,67,Shipped
388,2022-03-29,123,19,Completed
389,2023-12-13,605,14,Shipped
390,2022-06-22,67,47,Pending
391,2022-12-13,206,77,Cancelled
392,2023-02-18,126,30,Cancelled
393,2023-05-27,286,98,Shipped
394,2023-08-19,608,35,Shipped
395,2023-10-22,966,52,Completed
396,2023-11-14,618,52,Pending
397,2023-06-08,286,19,Shipped
398,2022-04-21,126,33,Completed
399,2022-08-25,644,18,Completed
400,2022-02-24,851,9,Completed
401,2022-01-28,996,23,Completed
402,2023-11-27,335,20,Completed
403,2023-10-01,99,98,Completed
404,2023-06-17,786,64,Cancelled
405,2022-07-26,301,85,Completed
406,2023-06-01,268,70,Completed
407,2023-07-08,560,3,Pending
408,2022-02-02,441,16,Completed
409,2022-11-19,874,49,Completed
410,2022-02-06,34,23,Completed
411,2022-11-07,906,91,Completed
412,2023-03-18,138,40,Shipped
413,2023-05-15,783,15,Completed
414,2023-05-18,676,71,Shipped
415,2023-08-09,482,61,Completed
416,2022-06-10,519,8,Completed
417,2023-05-22,606,49,Completed
418,2022-12-28,785,37,Completed
419,2022-01-29,605,6,Completed
420,2023-01-11,358,95,Completed
421,2023-10-03,350,49,Completed
422,2022-12-20,366,53,Completed
423,2023-11-09,251,32,Completed
424,2022-11-16,607,11,Returned
425,2022-03-09,890,40,Completed
426,2022-06-23,21,69,Completed
427,2023-04-17,674,55,Completed
428,2023-03-08,274,3,Shipped
429,2023-08-26,23,41,Completed
430,2023-02-04,331,74,Completed
431,2023-05-16,103,89,Shipped
432,2022-12-11,509,65,Cancelled
433,2023-11-15,348,22,Completed
434,2023-01-08,993,56,Completed
435,2023-10-13,868,10,Cancelled
436,2023-07-03,220,37,Completed
437,2022-11-01,588,52,Cancelled
438,2023-10-02,761,12,Shipped
439,2023-08-16,98,76,Completed
440,2022-03-10,581,68,Completed
441,2022-08-03,356,10,Shipped
442,2022-11-06,517,39,Completed
443,2023-07-07,321,26,Completed
444,2022-09-15,640,66,Completed
445,2023-07-15,185,3,Completed
446,2023-06-13,884,24,Completed
447,2022-08-07,677,96,Pending
448,2022-10-02,960,82,Completed
449,2023-09-22,874,99,Returned
450,2023-08-03,745,81,Completed
451,2022-07-25,374,60,Completed
452,2022-06-04,765,88,Shipped
453,2023-03-22,421,41,Returned
454,2022-03-07,650,27,Cancelled
455,2022-10-01,844,37,Completed
456,2022-09-20,704,77,Completed
457,2022-09-02,117,20,Completed
458,2022-09-09,817,40,Completed
459,2023-07-28,447,55,Completed
460,2022-02-07,207,21,Completed
461,2022-01-30,265,36,Shipped
462,2022-06-30,660,6,Pending
463,2023-05-13,802,3,Completed
464,2022-03-27,322,78,Completed
465,2022-03-07,923,53,Returned
466,2023-11-19,674,12,Completed
467,2022-05-24,242,15,Completed
468,2023-05-28,956,16,Completed
469,2023-08-18,973,100,Pending
470,2022-09-15,509,12,Completed
471,2022-05-06,792,41,Completed
472,2023-08-22,755,50,Cancelled
473,2022-08-30,958,55,Completed
474,2022-04-20,180,28,Pending
475,2023-03-27,419,33,Returned
476,2022-02-27,503,69,Completed
477,2022-04-26,325,70,Completed
478,2023-12-01,253,36,Returned
479,2022-05-29,372,61,Shipped
480,2022-11-12,22,83,Pending
481,2023-09-13,36,95,Shipped
482,2022-02-25,708,86,Completed
483,2023-07-20,394,40,Completed
484,2023-12-19,372,88,Completed
485,2022-08-31,879,57,Completed
486,2023-02-07,950,33,Completed
487,2022-08-30,305,27,Returned
488,2022-06-14,938,57,Completed
489,2023-10-22,417,5,Completed
490,2022-03-24,843,100,Pending
491,2023-04-28,755,53,Returned
492,2022-12-07,735,55,Returned
493,2022-04-13,845,21,Shipped
494,2023-06-03,68,46,Completed
495,2023-07-15,756,42,Completed
496,2022-01-29,781,7,Completed
497,2022-07-08,646,57,Cancelled
498,2022-05-20,4,52,Completed
499,2022-11-09,322,74,Completed
500,2022-06-11,256,67,Shipped
501,2023-10-27,782,17,Cancelled
502,2023-12-04,421,41,Completed
503,2022-05-17,267,23,Shipped
504,2022-12-02,819,37,Completed
505,2023-03-01,377,24,Completed
506,2023-01-22,968,74,Completed
507,2022-01-24,946,72,Completed
508,2023-10-04,235,12,Pending
509,2022-07-23,269,90,Returned
510,2022-02-20,411,80,Completed
511,2022-09-24,153,12,Pending
512,2022-06-24,970,73,Completed
513,2023-06-23,446,99,Returned
514,2023-04-10,848,87,Completed
515,2022-08-18,731,27,Completed
516,2022-09-30,295,96,Completed
517,2022-05-14,442,27,Completed
518,2022-10-17,745,87,Completed
519,2022-07-04,419,19,Completed
520,2022-09-26,242,80,Completed
521,2022-09-12,379,75,Shipped
522,2023-04-15,88,2,Completed
523,2022-11-28,998,89,Completed
524,2022-08-06,731,50,Shipped
525,2023-09-04,263,10,Completed
526,2022-03-02,54,43,Pending
527,2023-04-28,931,46,Pending
528,2023-11-18,991,77,Shipped
529,2022-02-16,6,33,Completed
530,2023-01-26,310,51,Shipped
531,2022-05-16,992,72,Completed
532,2022-07-03,267,22,Completed
533,2022-12-14,899,60,Completed
534,2022-11-21,728,68,Completed
535,2022-09-24,120,41,Completed
536,2022-05-11,512,36,Shipped
537,2023-03-17,290,34,Completed
538,2022-09-28,530,41,Completed
539,2022-06-18,324,95,Pending
540,2022-06-04,570,85,Completed
541,2023-03-27,55,25,Completed
542,2022-08-24,188,5,Completed
543,2022-06-17,723,60,Completed
544,2023-05-22,42,57,Completed
545,2023-12-28,575,63,Completed
546,2022-04-26,867,93,Returned
547,2022-05-07,358,12,Completed
548,2022-10-18,185,22,Shipped
549,2022-10-07,577,85,Completed
550,2023-08-21,995,1,Completed
551,2023-08-08,185,54,Returned
552,2022-09-10,787,64,Shipped
553,2022-12-03,27,37,Shipped
554,2023-11-28,125,51,Completed
555,2022-04-19,858,42,Completed
556,2022-03-25,472,91,Shipped
557,2023-04-10,644,35,Completed
558,2022-01-06,338,6,Shipped
559,2023-04-09,333,94,Pending
560,2023-08-06,133,28,Returned
561,2023-10-22,290,42,Cancelled
562,2022-03-14,561,78,Completed
563,2023-02-13,262,23,Completed
564,2023-02-13,92,3,Returned
565,2022-06-16,398,100,Completed
566,2023-10-25,771,84,Completed
567,2022-11-02,503,56,Shipped
568,2022-11-14,926,88,Completed
569,2023-01-03,682,13,Cancelled
570,2023-06-09,205,63,Completed
571,2023-02-02,488,35,Completed
572,2023-03-10,93,97,Completed
573,2023-01-13,629,24,Completed
574,2023-03-13,96,6,Completed
575,2023-04-20,693,29,Completed
576,2022-06-08,954,64,Completed
577,2023-10-25,538,11,Completed
578,2023-03-24,82,62,Completed
579,2022-05-11,701,39,Cancelled
580,2023-06-20,438,38,Completed
581,2023-07-19,79,6,Completed
582,2023-06-07,436,53,Completed
583,2023-11-08,738,73,Cancelled
584,2022-12-30,261,75,Completed
585,2023-05-31,17,15,Shipped
586,2023-04-19,184,24,Cancelled
587,2022-02-16,86,54,Returned
588,2022-11-01,322,76,Shipped
589,2023-11-18,461,80,Cancelled
590,2022-12-16,990,24,Completed
591,2022-03-22,765,78,Completed
592,2023-11-21,109,56,Completed
593,2022-01-06,405,15,Completed
594,2023-11-03,489,59,Shipped
595,2023-11-05,989,96,Completed
596,2023-05-14,311,80,Cancelled
597,2023-09-24,370,89,Shipped
598,2023-12-08,692,51,Cancelled
599,2022-03-31,129,18,Completed
600,2022-04-25,836,3,Shipped
601,2022-07-12,880,4,Completed
602,2023-10-27,149,84,Completed
603,2023-10-04,879,69,Completed
604,2022-11-05,789,60,Completed
605,2023-03-09,23,15,Completed
606,2022-06-06,757,90,Completed
607,2023-05-12,483,3,Returned
608,2023-08-23,249,26,Completed
609,2023-02-06,53,43,Completed
610,2023-10-08,868,92,Completed
611,2023-03-02,869,64,Shipped
612,2023-09-03,749,71,Pending
613,2022-02-07,500,52,Completed
614,2023-08-29,743,79,Pending
615,2023-05-15,238,92,Completed
616,2022-01-20,433,74,Completed
617,2022-03-07,275,83,Completed
618,2023-04-30,120,64,Completed
619,2023-10-24,356,58,Shipped
620,2022-01-22,166,37,Shipped
621,2023-04-26,353,57,Completed
622,2022-08-13,602,88,Completed
623,2023-09-09,874,92,Shipped
624,2022-05-15,905,38,Shipped
625,2023-02-04,983,54,Cancelled
626,2023-11-21,669,95,Completed
627,2023-04-29,819,21,Completed
628,2022-10-17,708,96,Completed
629,2023-05-10,133,23,Completed
630,2023-09-13,504,13,Cancelled
631,2023-05-21,311,31,Completed
632,2022-02-18,19,46,Returned
633,2023-01-01,694,21,Completed
634,2023-05-31,33,9,Completed
635,2022-04-27,633,30,Completed
636,2022-08-18,499,34,Pending
637,2022-12-30,788,6,Cancelled
638,2023-07-25,274,20,Returned
639,2023-06-12,619,86,Completed
640,2022-02-21,949,57,Cancelled
641,2022-04-24,999,14,Cancelled
642,2023-09-17,801,14,Cancelled
643,2022-02-12,520,14,Completed
644,2022-05-01,892,27,Returned
645,2022-06-10,746,38,Shipped
646,2023-06-03,511,94,Returned
647,2022-06-07,663,47,Completed
648,2022-05-22,126,26,Completed
649,2023-03-02,788,99,Completed
650,2023-05-01,350,37,Completed
651,2022-03-29,273,48,Shipped
652,2023-03-01,370,81,Shipped
653,2022-06-05,772,97,Completed
654,2022-08-22,142,55,Completed
655,2023-02-24,920,59,Pending
656,2023-06-13,814,88,Completed
657,2022-01-31,454,19,Cancelled
658,2023-06-14,967,9,Completed
659,2022-11-19,412,99,Completed
660,2022-03-04,403,98,Completed
661,2023-10-19,155,74,Completed
662,2023-10-09,731,85,Returned
663,2022-10-30,430,52,Returned
664,2023-12-19,567,39,Shipped
665,2022-11-18,932,45,Completed
666,2022-10-14,922,68,Completed
667,2022-05-31,718,52,Completed
668,2022-07-30,909,70,Completed
669,2023-09-26,668,57,Shipped
670,2023-10-27,415,100,Completed
671,2022-11-05,87,5,Completed
672,2023-02-04,743,93,Shipped
673,2022-05-10,533,70,Completed
674,2022-04-06,524,71,Completed
675,2022-12-15,776,82,Completed
676,2022-01-29,912,70,Completed
677,2022-09-05,853,100,Completed
678,2023-03-09,518,15,Shipped
679,2023-01-17,266,81,Completed
680,2022-05-07,49,97,Shipped
681,2022-05-08,460,39,Completed
682,2022-01-06,465,44,Pending
683,2023-08-19,580,92,Returned
684,2023-10-05,682,69,Cancelled
685,2022-08-28,359,39,Completed
686,2023-08-10,689,18,Shipped
687,2023-06-17,756,32,Completed
688,2023-06-13,597,25,Cancelled
689,2023-01-05,466,13,Completed
690,2023-03-12,849,53,Completed
691,2022-03-05,436,17,Completed
692,2023-04-02,80,48,Shipped
693,2023-02-17,603,72,Completed
694,2023-02-09,893,34,Completed
695,2023-10-14,434,57,Shipped
696,2023-05-17,750,54,Cancelled
697,2022-05-28,518,17,Completed
698,2023-04-14,133,91,Completed
699,2023-06-26,121,89,Completed
700,2023-04-30,34,96,Completed
701,2023-07-27,379,16,Completed
702,2023-02-23,113,16,Completed
703,2022-10-24,42,67,Completed
704,2023-01-16,313,48,Completed
705,2023-05-13,29,19,Completed
706,2023-08-27,432,7,Pending
707,2022-11-09,911,37,Completed
708,2023-05-16,3,16,Completed
709,2022-03-11,892,6,Completed
710,2023-08-10,318,73,Completed
711,2022-12-12,801,49,Completed
712,2023-09-13,136,98,Completed
713,2023-10-14,472,98,Completed
714,2023-04-05,153,94,Completed
715,2023-10-02,681,80,Completed
716,2022-08-27,922,51,Completed
717,2022-02-16,982,86,Returned
718,2022-10-12,662,12,Returned
719,2023-12-26,26,74,Completed
720,2023-12-26,317,72,Completed
721,2023-10-22,573,11,Completed
722,2023-09-26,555,74,Shipped
723,2023-08-07,535,25,Shipped
724,2023-05-30,919,3,Completed
725,2023-06-29,185,3,Completed
726,2022-07-30,252,91,Cancelled
727,2023-08-17,455,11,Cancelled
728,2023-09-14,329,52,Completed
729,2023-05-19,883,3,Completed
730,2022-07-04,425,4,Returned
731,2022-11-21,392,33,Completed
732,2022-04-12,555,22,Completed
733,2022-07-07,262,99,Completed
734,2022-11-11,976,53,Shipped
735,2022-03-02,630,42,Completed
736,2022-03-01,306,50,Completed
737,2022-05-26,423,42,Completed
738,2022-05-04,54,26,Completed
739,2023-09-04,601,31,Completed
740,2023-06-01,395,15,Completed
741,2022-11-22,476,71,Completed
742,2023-05-11,30,53,Completed
743,2022-01-20,276,71,Pending
744,2023-11-23,104,32,Shipped
745,2023-10-30,805,17,Completed
746,2023-02-21,457,11,Cancelled
747,2023-05-28,209,19,Completed
748,2022-06-22,801,32,Completed
749,2023-03-10,985,72,Completed
750,2022-01-02,833,60,Pending
751,2023-09-28,297,84,Pending
752,2022-01-01,62,62,Completed
753,2022-09-14,860,88,Completed
754,2022-12-26,863,81,Completed
755,2023-06-07,289,6,Completed
756,2023-07-01,577,9,Completed
757,2023-02-09,716,16,Cancelled
758,2023-07-24,287,56,Completed
759,2023-06-01,981,41,Returned
760,2022-12-17,651,34,Pending
761,2023-12-26,464,35,Completed
762,2022-11-26,350,27,Completed
763,2023-09-06,337,3,Returned
764,2022-05-17,662,1,Completed
765,2022-01-05,924,2,Shipped
766,2023-02-28,570,90,Shipped
767,2023-02-07,552,11,Cancelled
768,2023-10-27,667,10,Completed
769,2023-11-19,456,87,Completed
770,2023-01-21,848,77,Completed
771,2022-07-01,860,99,Cancelled
772,2022-01-09,128,60,Completed
773,2022-07-17,456,2,Completed
774,2022-01-21,777,36,Shipped
775,2023-12-28,367,25,Completed
776,2023-09-21,641,39,Cancelled
777,2022-08-15,240,64,Pending
778,2022-02-07,288,64,Returned
779,2023-12-25,621,27,Completed
780,2023-10-16,406,15,Returned
781,2023-08-06,513,64,Completed
782,2022-07-18,676,95,Completed
783,2023-11-30,618,73,Completed
784,2023-08-26,132,96,Completed
785,2022-09-23,956,73,Returned
786,2023-06-20,747,36,Completed
787,2023-11-26,24,89,Shipped
788,2023-09-22,259,88,Completed
789,2023-04-10,3,55,Completed
790,2023-10-28,54,42,Completed
791,2023-02-21,281,16,Shipped
792,2023-04-23,508,47,Completed
793,2022-02-14,906,93,Completed
794,2022-10-12,941,54,Completed
795,2022-11-20,6,51,Completed
796,2022-03-25,902,74,Cancelled
797,2022-08-20,707,55,Pending
798,2022-09-13,202,22,Completed
799,2022-03-06,642,81,Completed
800,2023-05-07,443,4,Completed
801,2023-10-04,958,43,Cancelled
802,2022-09-11,111,61,Completed
803,2022-12-15,853,7,Cancelled
804,2023-06-17,814,31,Pending
805,2023-09-07,635,57,Shipped
806,2023-10-03,458,75,Completed
807,2022-03-04,939,5,Completed
808,2023-12-12,67,17,Completed
809,2023-03-29,57,39,Completed
810,2023-03-19,68,14,Shipped
811,2023-07-27,54,38,Cancelled
812,2023-02-16,99,80,Shipped
813,2022-08-27,886,77,Cancelled
814,2023-10-01,11,59,Completed
815,2023-03-15,902,80,Completed
816,2022-12-14,667,87,Cancelled
817,2023-04-10,530,43,Completed
818,2022-04-21,106,2,Completed
819,2022-03-11,608,25,Returned
820,2022-05-10,653,66,Completed
821,2023-03-08,493,93,Completed
822,2022-07-10,249,18,Cancelled
823,2022-03-03,131,40,Completed
824,2023-06-10,983,84,Shipped
825,2022-11-15,598,70,Cancelled
826,2022-05-31,481,40,Completed
827,2022-10-26,378,2,Completed
828,2023-11-05,695,19,Completed
829,2023-06-04,839,72,Returned
830,2023-03-09,353,26,Pending
831,2023-10-18,931,26,Cancelled
832,2022-12-16,194,86,Completed
833,2023-12-10,479,77,Shipped
834,2023-08-16,580,43,Completed
835,2023-03-05,337,21,Completed
836,2022-02-13,508,29,Returned
837,2023-10-17,229,89,Completed
838,2023-10-01,219,31,Completed
839,2022-12-06,827,95,Completed
840,2023-02-14,189,1,Completed
841,2022-03-17,367,4,Completed
842,2022-05-26,298,57,Completed
843,2023-08-23,935,98,Completed
844,2022-01-31,204,26,Completed
845,2022-08-13,907,34,Shipped
846,2022-12-14,868,71,Completed
847,2022-07-20,23,23,Cancelled
848,2022-04-14,22,87,Completed
849,2023-11-02,807,15,Completed
850,2022-08-04,313,59,Completed
851,2023-01-17,677,22,Pending
852,2023-10-01,903,56,Returned
853,2022-03-08,122,19,Returned
854,2022-05-14,814,25,Completed
855,2023-01-23,712,48,Completed
856,2023-03-16,652,32,Returned
857,2023-09-23,602,25,Returned
858,2022-10-29,809,20,Completed
859,2022-02-24,645,36,Returned
860,2023-06-05,992,75,Returned
861,2022-08-03,745,11,Cancelled
862,2023-11-11,630,9,Completed
863,2023-02-02,770,83,Shipped
864,2023-01-19,511,67,Completed
865,2022-11-26,730,48,Completed
866,2023-05-10,733,64,Completed
867,2023-08-19,411,82,Returned
868,2023-08-21,666,5,Completed
869,2022-07-27,463,31,Completed
870,2022-11-10,436,49,Completed
871,2023-01-19,261,71,Completed
872,2022-03-28,303,57,Completed
873,2022-08-24,598,6,Completed
874,2023-09-29,345,55,Completed
875,2023-03-19,419,48,Cancelled
876,2022-11-21,280,49,Completed
877,2023-03-29,240,34,Completed
878,2023-01-03,924,11,Completed
879,2023-05-29,526,70,Completed
880,2022-10-11,949,30,Completed
881,2022-03-15,369,5,Completed
882,2022-12-08,202,87,Completed
883,2022-11-06,764,99,Shipped
884,2022-10-09,196,91,Completed
885,2022-05-22,876,97,Shipped
886,2023-07-11,935,34,Completed
887,2022-11-03,289,45,Cancelled
888,2023-02-18,969,52,Cancelled
889,2023-11-03,13,61,Shipped
890,2022-06-02,887,51,Completed
891,2022-08-03,486,30,Completed
892,2023-07-20,776,60,Shipped
893,2023-04-18,349,11,Completed
894,2022-07-12,440,99,Pending
895,2023-03-04,215,57,Completed
896,2023-07-26,31,48,Completed
897,2022-05-12,313,95,Completed
898,2023-11-06,855,46,Completed
899,2023-03-06,436,88,Shipped
900,2023-12-09,551,39,Completed
901,2022-01-24,582,5,Returned
902,2022-06-07,976,43,Completed
903,2023-09-10,936,78,Completed
904,2023-02-05,391,27,Pending
905,2022-03-07,548,50,Completed
906,2022-04-22,337,73,Pending
907,2023-10-17,917,39,Completed
908,2022-04-17,692,71,Completed
909,2023-12-07,618,63,Completed
910,2022-07-23,72,50,Completed
911,2022-08-27,299,85,Completed
912,2023-04-11,59,48,Completed
913,2022-06-25,335,53,Completed
914,2022-04-24,133,69,Completed
915,2022-03-12,399,27,Completed
916,2022-07-30,318,56,Cancelled
917,2023-11-12,487,21,Completed
918,2022-11-14,602,26,Completed
919,2023-12-03,470,36,Completed
920,2022-05-27,457,9,Cancelled
921,2023-09-12,827,32,Completed
922,2023-08-06,901,63,Completed
923,2023-08-13,41,95,Completed
924,2023-10-24,903,59,Completed
925,2023-12-30,812,39,Completed
926,2022-06-29,426,32,Completed
927,2023-09-25,751,56,Completed
928,2023-11-06,188,90,Completed
929,2023-02-07,716,6,Completed
930,2022-06-11,281,81,Completed
931,2023-11-14,939,9,Shipped
932,2022-08-11,931,64,Completed
933,2023-07-21,125,48,Completed
934,2022-04-18,517,99,Cancelled
935,2023-02-24,462,22,Completed
936,2023-06-03,46,60,Completed
937,2023-10-17,712,87,Shipped
938,2023-01-26,352,96,Completed
939,2022-07-19,407,5,Completed
940,2022-04-28,727,18,Completed
941,2023-04-21,497,60,Completed
942,2023-07-16,673,32,Shipped
943,2023-03-25,144,61,Cancelled
944,2022-06-15,175,3,Completed
945,2022-07-01,302,16,Completed
946,2023-02-05,173,10,Shipped
947,2022-01-12,694,35,Completed
948,2023-01-02,183,28,Shipped
949,2023-11-23,546,28,Completed
950,2022-02-18,857,82,Cancelled
951,2023-10-19,679,92,Shipped
952,2022-04-16,400,89,Completed
953,2022-02-23,613,1,Completed
954,2023-01-22,786,26,Returned
955,2023-01-19,931,31,Completed
956,2022-01-17,432,4,Pending
957,2022-12-12,841,25,Shipped
958,2022-03-06,226,13,Cancelled
959,2023-11-12,172,93,Completed
960,2023-03-02,525,14,Cancelled
961,2022-11-27,576,81,Completed
962,2022-08-01,957,70,Completed
963,2023-03-15,124,30,Completed
964,2023-01-01,332,23,Completed
965,2023-11-01,324,2,Completed
966,2023-04-15,226,9,Shipped
967,2022-10-13,666,80,Completed
968,2022-03-10,907,28,Completed
969,2023-09-06,512,14,Shipped
970,2023-08-06,176,33,Pending
971,2023-09-07,333,81,Shipped
972,2023-11-26,947,99,Shipped
973,2022-12-07,180,82,Shipped
974,2023-12-06,326,86,Completed
975,2022-12-10,19,78,Returned
976,2023-04-05,392,66,Completed
977,2022-08-27,516,76,Shipped
978,2022-01-14,239,3,Completed
979,2022-05-08,317,31,Shipped
980,2022-09-07,635,11,Completed
981,2023-01-19,511,38,Completed
982,2023-01-20,210,83,Completed
983,2023-09-05,969,57,Shipped
984,2022-12-03,138,36,Completed
985,2022-02-10,534,54,Completed
986,2022-10-23,769,4,Completed
987,2022-12-06,351,32,Completed
988,2022-02-25,929,86,Pending
989,2023-12-05,713,93,Completed
990,2023-01-26,534,42,Completed
991,2023-10-07,7,9,Returned
992,2022-03-13,977,25,Completed
993,2022-05-25,961,27,Completed
994,2022-06-27,607,71,Cancelled
995,2022-07-29,242,65,Completed
996,2023-04-24,319,22,Shipped
997,2022-09-08,435,23,Completed
998,2022-11-07,293,74,Completed
999,2023-10-13,207,35,Returned
1000,2023-05-08,82,47,Completed
1001,2022-06-21,483,57,Completed
1002,2023-09-17,753,56,Shipped
1003,2023-05-09,21,98,Completed
1004,2022-03-27,778,39,Completed
1005,2022-06-06,567,94,Completed
1006,2023-01-25,475,40,Completed
1007,2023-01-20,576,78,Completed
1008,2022-12-08,140,92,Completed
1009,2022-06-08,939,25,Completed
1010,2023-05-28,748,93,Completed
1011,2023-02-19,948,54,Pending
1012,2023-01-18,394,63,Completed
1013,2023-08-26,73,53,Returned
1014,2022-05-08,395,73,Completed
1015,2023-03-23,981,33,Cancelled
1016,2022-12-23,522,91,Completed
1017,2023-12-07,378,90,Completed
1018,2023-01-30,949,55,Shipped
1019,2022-09-06,490,5,Returned
1020,2023-01-06,647,91,Shipped
1021,2023-12-16,682,83,Completed
1022,2023-09-12,467,88,Completed
1023,2022-09-11,617,75,Pending
1024,2022-06-15,13,15,Cancelled
1025,2023-10-22,729,50,Completed
1026,2023-08-24,998,11,Completed
1027,2022-07-13,898,55,Completed
1028,2023-03-14,259,89,Completed
1029,2023-06-30,675,49,Completed
1030,2023-02-26,771,94,Returned
1031,2022-04-22,652,74,Cancelled
1032,2022-12-19,834,19,Completed
1033,2022-08-03,953,96,Completed
1034,2022-11-12,7,22,Cancelled
1035,2022-01-02,100,9,Cancelled
1036,2023-03-04,538,54,Shipped
1037,2023-03-18,175,23,Completed
1038,2023-12-22,138,26,Completed
1039,2023-05-30,972,15,Completed
1040,2022-08-06,191,26,Completed
1041,2022-07-07,829,98,Completed
1042,2023-02-23,452,81,Returned
1043,2022-04-22,890,82,Completed
1044,2022-10-28,88,49,Completed
1045,2022-03-07,351,4,Completed
1046,2023-05-05,497,87,Shipped
1047,2022-01-10,63,35,Shipped
1048,2022-01-08,682,75,Cancelled
1049,2022-02-12,100,28,Completed
1050,2022-01-08,385,78,Completed
1051,2022-09-30,955,63,Completed
1052,2022-12-12,619,55,Completed
1053,2023-11-30,912,44,Pending
1054,2022-09-03,964,47,Shipped
1055,2023-01-23,626,8,Pending
1056,2022-12-05,826,13,Completed
1057,2023-12-17,412,93,Cancelled
1058,2022-05-23,27,78,Completed
1059,2023-06-28,287,90,Shipped
1060,2022-09-12,378,58,Completed
1061,2023-11-06,891,61,Completed
1062,2023-11-08,193,1,Pending
1063,2022-11-26,18,82,Completed
1064,2022-02-16,993,95,Completed
1065,2023-03-31,240,78,Completed
1066,2023-09-20,814,11,Completed
1067,2023-05-03,675,90,Returned
1068,2023-01-30,301,78,Completed
1069,2022-05-27,891,67,Returned
1070,2023-06-01,33,17,Completed
1071,2022-03-31,309,87,Pending
1072,2023-04-24,173,58,Pending
1073,2023-05-09,679,70,Completed
1074,2022-08-05,175,97,Pending
1075,2023-12-18,92,14,Completed
1076,2022-01-30,165,42,Returned
1077,2022-10-15,226,93,Completed
1078,2023-05-03,975,86,Completed
1079,2022-05-20,945,69,Completed
1080,2023-05-19,93,89,Completed
1081,2022-08-18,955,74,Shipped
1082,2023-09-08,67,83,Completed
1083,2023-01-26,670,83,Cancelled
1084,2023-03-24,828,30,Completed
1085,2022-04-29,298,12,Completed
1086,2022-12-15,759,76,Pending
1087,2022-04-29,587,48,Completed
1088,2022-11-17,977,49,Completed
1089,2022-01-02,319,8,Completed
1090,2022-07-14,868,50,Pending
1091,2022-11-24,790,47,Cancelled
1092,2022-05-10,533,85,Completed
1093,2022-08-16,110,51,Completed
1094,2023-04-17,324,19,Cancelled
1095,2022-10-31,858,29,Completed
1096,2023-04-12,151,77,Completed
1097,2023-11-13,870,90,Completed
1098,2022-11-24,317,65,Pending
1099,2022-05-07,281,91,Completed
1100,2023-10-09,849,28,Completed
1101,2023-12-23,990,49,Completed
1102,2022-12-08,157,92,Completed
1103,2022-08-19,718,95,Completed
1104,2022-07-03,878,63,Shipped
1105,2022-11-03,835,85,Returned
1106,2022-06-13,23,71,Completed
1107,2023-03-09,695,61,Pending
1108,2023-02-05,401,10,Completed
1109,2022-10-17,290,90,Returned
1110,2023-12-19,877,71,Completed
1111,2022-05-15,332,97,Cancelled
1112,2022-02-25,871,91,Completed
1113,2023-11-02,168,74,Completed
1114,2023-12-14,495,38,Returned
1115,2022-08-03,224,96,Completed
1116,2023-10-29,10,47,Shipped
1117,2023-08-13,105,87,Cancelled
1118,2022-06-01,386,55,Shipped
1119,2022-06-22,949,8,Completed
1120,2023-05-01,184,7,Completed
1121,2023-06-12,666,44,Completed
1122,2022-06-02,643,93,Completed
1123,2022-02-04,122,31,Completed
1124,2022-11-06,705,77,Pending
1125,2023-10-31,764,49,Cancelled
1126,2023-11-18,675,12,Cancelled
1127,2023-10-28,392,36,Completed
1128,2023-04-01,377,2,Completed
1129,2022-03-26,125,63,Completed
1130,2023-06-06,231,3,Completed
1131,2023-08-10,492,36,Shipped
1132,2022-04-07,814,76,Completed
1133,2023-05-11,661,90,Completed
1134,2023-08-09,129,13,Completed
1135,2023-07-05,190,52,Cancelled
1136,2022-01-21,404,72,Cancelled
1137,2023-06-27,501,9,Completed
1138,2023-08-22,552,92,Cancelled
1139,2023-10-30,128,97,Shipped
1140,2023-11-06,920,16,Completed
1141,2023-09-06,712,24,Completed
1142,2023-04-03,820,41,Completed
1143,2022-05-12,589,27,Shipped
1144,2022-03-31,576,33,Returned
1145,2022-02-05,87,16,Completed
1146,2023-01-08,990,70,Completed
1147,2023-11-05,1,32,Completed
1148,2023-06-16,927,38,Shipped
1149,2023-04-01,144,74,Completed
1150,2022-11-17,536,46,Completed
1151,2023-06-07,215,89,Completed
1152,2022-02-15,243,5,Completed
1153,2022-11-03,877,28,Pending
1154,2023-09-09,566,28,Completed
1155,2022-10-12,132,94,Completed
1156,2022-03-18,564,33,Completed
1157,2023-10-28,926,21,Completed
1158,2022-03-27,968,33,Shipped
1159,2023-12-13,147,69,Completed
1160,2023-10-07,751,35,Pending
1161,2023-12-15,662,25,Shipped
1162,2023-08-01,674,83,Cancelled
1163,2023-09-12,168,54,Cancelled
1164,2022-11-20,807,56,Completed
1165,2023-09-11,254,10,Completed
1166,2023-06-29,113,88,Completed
1167,2022-03-09,338,82,Completed
1168,2022-12-08,797,35,Completed
1169,2022-08-20,281,2,Completed
1170,2022-08-16,388,14,Cancelled
1171,2022-05-07,180,68,Shipped
1172,2022-11-10,603,63,Completed
1173,2022-12-24,718,74,Returned
1174,2023-07-19,278,78,Completed
1175,2022-02-19,175,41,Pending
1176,2023-02-03,186,45,Cancelled
1177,2023-11-26,992,69,Completed
1178,2023-02-17,489,76,Completed
1179,2022-01-10,704,66,Shipped
1180,2023-11-05,130,19,Completed
1181,2022-10-01,55,93,Completed
1182,2023-01-15,725,100,Completed
1183,2023-09-16,429,91,Completed
1184,2023-03-26,363,60,Completed
1185,2022-10-10,976,55,Completed
1186,2022-08-23,313,82,Returned
1187,2022-11-09,417,99,Completed
1188,2022-04-03,650,11,Completed
1189,2022-09-03,968,12,Completed
1190,2022-02-28,87,96,Completed
1191,2023-05-20,828,2,Pending
1192,2023-03-11,694,66,Pending
1193,2022-05-20,492,64,Completed
1194,2023-11-25,910,69,Shipped
1195,2023-02-20,15,79,Completed
1196,2022-01-08,732,55,Shipped
1197,2022-12-20,251,95,Shipped
1198,2023-06-25,701,78,Completed
1199,2023-04-05,988,22,Shipped
1200,2023-06-21,926,29,Completed
1201,2023-01-11,860,18,Completed
1202,2022-02-22,433,64,Completed
1203,2023-01-18,994,15,Completed
1204,2023-11-27,256,70,Returned
1205,2022-05-01,298,39,Completed
1206,2022-09-29,219,1,Shipped
1207,2023-08-06,404,28,Returned
1208,2023-10-21,528,5,Pending
1209,2023-09-25,869,63,Completed
1210,2022-01-07,631,59,Completed
1211,2022-12-29,110,1,Completed
1212,2022-07-10,412,46,Completed
1213,2023-03-18,504,26,Completed
1214,2023-06-11,921,20,Completed
1215,2023-05-15,8,20,Shipped
1216,2022-09-14,232,61,Completed
1217,2022-11-03,374,55,Returned
1218,2023-07-04,832,35,Completed
1219,2023-03-26,673,57,Completed
1220,2022-12-29,766,56,Completed
1221,2023-12-28,204,15,Completed
1222,2022-02-11,137,51,Completed
1223,2022-12-06,923,5,Completed
1224,2022-07-23,972,62,Pending
1225,2022-09-30,122,54,Completed
1226,2023-05-23,820,88,Shipped
1227,2022-11-29,770,98,Cancelled
1228,2023-02-14,514,93,Returned
1229,2023-02-03,135,15,Pending
1230,2022-01-22,130,20,Completed
1231,2022-01-14,786,88,Completed
1232,2023-11-26,850,44,Completed
1233,2023-09-04,756,2,Completed
1234,2022-10-24,289,63,Completed
1235,2023-03-16,254,80,Completed
1236,2023-06-08,192,32,Completed
1237,2022-04-28,885,34,Pending
1238,2022-09-11,683,55,Completed
1239,2023-12-25,802,14,Shipped
1240,2023-05-30,626,24,Completed
1241,2023-08-29,645,82,Completed
1242,2022-05-04,136,52,Completed
1243,2022-07-16,952,19,Completed
1244,2023-09-24,205,12,Returned
1245,2023-01-25,418,68,Completed
1246,2023-10-11,237,29,Completed
1247,2023-05-06,63,66,Completed
1248,2022-02-22,312,15,Completed
1249,2022-10-15,966,45,Shipped
1250,2022-09-10,328,7,Completed
1251,2022-01-01,54,85,Shipped
1252,2022-08-06,293,61,Completed
1253,2023-09-14,104,56,Completed
1254,2023-05-19,373,43,Completed
1255,2022-04-10,686,2,Shipped
1256,2022-05-14,340,47,Shipped
1257,2023-01-06,761,100,Completed
1258,2023-09-12,381,31,Shipped
1259,2022-08-04,599,50,Completed
1260,2022-04-19,134,81,Shipped
1261,2022-05-04,43,76,Pending
1262,2023-11-02,838,25,Completed
1263,2023-04-02,948,13,Completed
1264,2023-07-14,634,44,Completed
1265,2023-05-01,780,26,Completed
1266,2022-06-07,45,17,Completed
1267,2023-07-18,729,33,Returned
1268,2023-07-28,999,45,Returned
1269,2023-04-05,645,92,Completed
1270,2023-03-23,70,62,Completed
1271,2023-05-31,810,3,Completed
1272,2022-10-08,714,17,Completed
1273,2023-08-03,63,89,Completed
1274,2023-02-12,507,88,Completed
1275,2023-06-10,995,10,Completed
1276,2023-06-06,394,72,Cancelled
1277,2023-02-15,622,35,Completed
1278,2022-01-04,164,74,Completed
1279,2023-12-15,10,66,Completed
1280,2023-12-26,738,68,Completed
1281,2022-08-14,304,91,Completed
1282,2022-05-02,176,29,Completed
1283,2022-09-01,299,6,Completed
1284,2022-10-12,950,18,Completed
1285,2022-02-22,658,32,Pending
1286,2022-08-04,548,15,Completed
1287,2022-12-22,648,78,Pending
1288,2022-11-29,86,91,Returned
1289,2022-09-28,740,18,Completed
1290,2023-09-19,302,42,Pending
1291,2023-10-03,836,2,Cancelled
1292,2022-08-13,749,36,Completed
1293,2022-01-17,551,85,Pending
1294,2023-08-21,109,93,Shipped
1295,2023-01-27,969,84,Completed
1296,2023-10-04,650,78,Completed
1297,2023-03-29,226,42,Completed
1298,2023-08-19,645,97,Completed
1299,2023-04-02,238,94,Shipped
1300,2023-01-13,152,62,Completed
1301,2022-07-05,471,24,Cancelled
1302,2022-06-30,194,73,Completed
1303,2022-07-04,664,37,Completed
1304,2022-06-16,907,23,Cancelled
1305,2023-12-05,623,25,Completed
1306,2022-03-15,437,32,Completed
1307,2023-10-23,994,52,Completed
1308,2023-06-24,141,94,Shipped
1309,2022-01-13,618,13,Completed
1310,2022-01-22,113,2,Shipped
1311,2023-10-22,958,6,Completed
1312,2022-03-27,275,19,Pending
1313,2023-09-07,14,2,Pending
1314,2022-04-19,556,95,Cancelled
1315,2023-12-26,88,26,Completed
1316,2023-07-31,914,57,Cancelled
1317,2022-11-11,340,62,Completed
1318,2022-02-27,557,89,Completed
1319,2023-07-11,127,3,Cancelled
1320,2022-04-16,558,38,Completed
1321,2023-03-02,146,1,Returned
1322,2022-01-25,233,55,Completed
1323,2022-12-28,672,37,Completed
1324,2023-12-02,394,88,Returned
1325,2022-04-26,504,22,Pending
1326,2022-08-18,105,37,Completed
1327,2023-09-23,342,16,Completed
1328,2022-03-28,918,6,Completed
1329,2022-07-02,439,68,Completed
1330,2022-07-05,696,55,Completed
1331,2023-11-15,704,39,Completed
1332,2022-10-21,357,14,Completed
1333,2023-05-27,678,48,Pending
1334,2023-12-30,818,10,Cancelled
1335,2022-06-02,797,84,Completed
1336,2022-06-01,400,58,Shipped
1337,2023-05-05,835,9,Completed
1338,2023-03-14,983,94,Completed
1339,2022-04-03,331,17,Completed
1340,2023-01-30,362,41,Completed
1341,2023-05-08,711,53,Completed
1342,2023-10-14,342,18,Cancelled
1343,2023-11-01,944,32,Completed
1344,2023-07-17,510,69,Completed
1345,2023-06-30,550,30,Completed
1346,2023-08-18,733,54,Completed
1347,2023-12-12,831,96,Completed
1348,2022-03-31,241,47,Completed
1349,2022-01-18,372,72,Completed
1350,2022-05-17,944,15,Completed
1351,2022-12-24,370,100,Cancelled
1352,2022-10-29,472,19,Cancelled
1353,2023-07-19,996,54,Completed
1354,2022-08-18,58,96,Completed
1355,2023-12-14,721,19,Completed
1356,2022-01-27,713,55,Completed
1357,2023-12-20,109,85,Completed
1358,2023-05-04,858,77,Returned
1359,2022-01-31,151,47,Completed
1360,2022-09-08,79,2,Completed
1361,2023-03-03,154,98,Completed
1362,2022-05-24,767,68,Shipped
1363,2022-11-03,482,53,Shipped
1364,2023-03-31,801,83,Shipped
1365,2022-10-21,114,20,Completed
1366,2023-10-20,33,78,Shipped
1367,2023-05-31,165,2,Completed
1368,2023-03-10,697,59,Completed
1369,2022-09-22,942,74,Completed
1370,2023-12-28,233,55,Pending
1371,2022-10-06,997,12,Completed
1372,2022-05-09,761,28,Completed
1373,2022-02-27,225,51,Completed
1374,2023-07-27,620,10,Cancelled
1375,2023-04-25,489,41,Shipped
1376,2023-02-19,848,49,Completed
1377,2023-01-16,663,55,Completed
1378,2022-04-22,107,10,Completed
1379,2022-12-10,29,31,Completed
1380,2023-07-09,110,9,Completed
1381,2022-01-12,775,40,Completed
1382,2022-07-26,654,5,Completed
1383,2022-03-29,584,73,Completed
1384,2023-05-11,47,7,Completed
1385,2022-11-13,9,46,Shipped
1386,2023-02-12,513,25,Completed
1387,2023-02-05,744,46,Pending
1388,2023-12-21,691,13,Completed
1389,2023-05-31,104,65,Cancelled
1390,2022-06-03,25,76,Cancelled
1391,2023-05-04,601,5,Completed
1392,2022-06-05,699,60,Completed
1393,2023-10-03,96,92,Completed
1394,2022-08-09,827,88,Shipped
1395,2022-06-14,987,65,Completed
1396,2023-09-16,668,67,Pending
1397,2022-12-16,459,17,Completed
1398,2023-01-04,639,56,Completed
1399,2023-12-31,793,88,Completed
1400,2022-08-02,626,78,Completed
1401,2022-06-06,581,81,Pending
1402,2022-04-10,825,2,Completed
1403,2022-11-13,561,12,Completed
1404,2023-04-11,322,22,Pending
1405,2022-06-15,70,36,Completed
1406,2022-12-28,92,10,Completed
1407,2023-04-17,265,61,Pending
1408,2023-03-29,666,18,Pending
1409,2023-08-06,500,6,Completed
1410,2022-10-21,411,53,Returned
1411,2023-11-28,133,57,Completed
1412,2023-10-02,975,41,Completed
1413,2023-11-30,424,65,Completed
1414,2023-11-30,44,80,Pending
1415,2022-02-28,759,32,Shipped
1416,2023-07-29,9,20,Returned
1417,2022-10-25,385,21,Completed
1418,2022-03-16,229,50,Returned
1419,2023-11-17,96,45,Completed
1420,2023-10-20,548,60,Completed
1421,2022-07-04,750,14,Returned
1422,2023-02-11,787,56,Completed
1423,2022-12-03,67,41,Completed
1424,2023-09-11,498,28,Shipped
1425,2023-05-03,118,36,Completed
1426,2023-07-13,160,61,Completed
1427,2022-08-07,328,73,Completed
1428,2023-09-08,793,49,Completed
1429,2023-01-06,809,56,Pending
1430,2022-08-07,56,28,Returned
1431,2023-12-02,434,35,Completed
1432,2022-06-30,86,19,Completed
1433,2023-02-19,84,39,Returned
1434,2023-04-08,893,54,Completed
1435,2023-11-17,915,34,Completed
1436,2022-02-25,95,55,Completed
1437,2022-11-01,169,26,Completed
1438,2023-03-06,494,61,Completed
1439,2022-06-14,989,90,Completed
1440,2023-12-11,585,50,Cancelled
1441,2023-07-29,802,77,Completed
1442,2023-11-15,593,79,Completed
1443,2023-11-12,844,94,Shipped
1444,2022-11-21,15,20,Returned
1445,2022-06-01,512,41,Completed
1446,2023-11-22,417,34,Completed
1447,2022-01-04,462,17,Completed
1448,2023-10-17,993,75,Completed
1449,2022-08-12,764,25,Completed
1450,2023-07-14,793,22,Completed
1451,2022-08-10,357,27,Pending
1452,2023-11-27,591,2,Completed
1453,2023-01-08,17,39,Returned
1454,2023-05-30,839,16,Shipped
1455,2023-10-27,467,53,Completed
1456,2022-12-27,849,70,Completed
1457,2022-12-10,117,23,Completed
1458,2023-01-18,182,71,Completed
1459,2023-07-10,447,49,Completed
1460,2023-11-07,706,88,Completed
1461,2022-10-18,719,80,Pending
1462,2022-04-12,90,14,Completed
1463,2022-01-17,632,53,Completed
1464,2023-10-01,950,70,Completed
1465,2023-03-31,516,75,Cancelled
1466,2023-11-15,297,54,Completed
1467,2023-04-11,565,49,Completed
1468,2023-04-26,974,16,Completed
1469,2023-04-21,423,83,Shipped
1470,2023-02-10,8,48,Cancelled
1471,2023-06-04,291,35,Returned
1472,2022-09-28,315,54,Shipped
1473,2022-01-05,922,54,Completed
1474,2022-01-27,158,48,Cancelled
1475,2023-06-16,840,95,Completed
1476,2022-12-10,175,74,Pending
1477,2022-09-05,570,51,Completed
1478,2023-10-22,403,7,Cancelled
1479,2023-08-15,440,17,Pending
1480,2023-02-04,746,23,Completed
1481,2022-11-22,530,21,Completed
1482,2022-04-12,728,17,Completed
1483,2023-10-09,591,51,Cancelled
1484,2023-10-05,939,34,Cancelled
1485,2022-06-12,972,42,Completed
1486,2022-04-06,27,56,Completed
1487,2023-08-31,157,4,Completed
1488,2023-07-11,943,11,Completed
1489,2022-01-26,761,94,Completed
1490,2023-04-10,650,81,Cancelled
1491,2022-07-11,246,84,Returned
1492,2022-11-01,199,69,Cancelled
1493,2023-01-23,789,34,Shipped
1494,2022-10-09,85,19,Completed
1495,2023-10-16,594,14,Completed
1496,2023-09-03,126,14,Completed
1497,2022-09-26,917,24,Completed
1498,2023-05-22,865,47,Returned
1499,2022-08-01,401,13,Completed
1500,2022-01-23,424,10,Completed
1501,2023-10-03,79,27,Shipped
1502,2023-01-20,912,41,Completed
1503,2023-04-07,828,21,Completed
1504,2022-01-11,926,23,Shipped
1505,2023-10-09,622,5,Completed
1506,2022-12-18,356,62,Pending
1507,2023-09-07,560,1,Completed
1508,2022-09-18,949,16,Completed
1509,2022-01-31,549,3,Completed
1510,2022-06-06,222,47,Completed
1511,2022-08-11,31,42,Completed
1512,2022-03-27,746,89,Pending
1513,2022-10-02,281,62,Completed
1514,2022-04-05,357,91,Completed
1515,2022-10-29,479,96,Cancelled
1516,2023-03-23,525,52,Returned
1517,2022-09-14,178,26,Shipped
1518,2022-10-15,985,51,Completed
1519,2023-08-25,320,22,Cancelled
1520,2023-05-15,444,58,Completed
1521,2022-10-06,836,41,Completed
1522,2023-09-14,393,55,Completed
1523,2022-12-28,383,81,Cancelled
1524,2023-04-06,172,5,Pending
1525,2022-09-17,601,53,Completed
1526,2023-10-23,974,68,Completed
1527,2022-01-31,118,24,Cancelled
1528,2023-03-16,810,24,Completed
1529,2022-03-16,221,85,Completed
1530,2022-05-29,799,41,Completed
1531,2022-11-23,705,2,Shipped
1532,2022-08-07,477,73,Cancelled
1533,2022-08-27,576,9,Completed
1534,2023-09-09,218,68,Completed
1535,2023-07-29,285,92,Completed
1536,2023-11-19,77,74,Returned
1537,2023-03-08,699,97,Completed
1538,2022-11-24,203,26,Completed
1539,2023-05-21,511,6,Pending
1540,2023-03-08,123,16,Completed
1541,2023-09-08,335,76,Completed
1542,2023-08-14,22,37,Completed
1543,2023-08-13,5,60,Completed
1544,2023-02-17,38,69,Returned
1545,2022-02-10,346,83,Completed
1546,2023-04-27,98,54,Shipped
1547,2022-10-09,325,97,Completed
1548,2022-03-23,570,100,Completed
1549,2023-09-20,49,51,Completed
1550,2023-04-11,506,83,Pending
1551,2022-05-05,864,48,Pending
1552,2022-04-16,30,29,Completed
1553,2022-01-11,143,14,Pending
1554,2023-12-06,742,56,Completed
1555,2022-04-01,196,93,Returned
1556,2023-01-13,836,69,Pending
1557,2023-12-06,889,7,Completed
1558,2022-02-14,114,7,Pending
1559,2022-03-18,271,43,Shipped
1560,2023-01-24,277,90,Completed
1561,2022-05-22,598,59,Completed
1562,2022-11-23,883,19,Shipped
1563,2023-02-28,653,58,Shipped
1564,2023-06-19,541,31,Completed
1565,2023-11-09,502,36,Completed
1566,2023-05-10,232,12,Completed
1567,2022-10-31,729,11,Completed
1568,2022-09-06,676,83,Shipped
1569,2022-07-30,712,10,Completed
1570,2023-05-22,62,28,Completed
1571,2022-08-10,480,50,Completed
1572,2022-04-18,349,27,Cancelled
1573,2023-06-25,527,41,Shipped
1574,2022-11-16,726,59,Shipped
1575,2023-06-01,109,17,Completed
1576,2023-01-08,395,58,Returned
1577,2023-06-10,208,100,Completed
1578,2022-03-12,285,55,Completed
1579,2022-11-11,975,74,Completed
1580,2022-05-31,473,14,Shipped
1581,2022-09-04,17,59,Completed
1582,2022-01-30,488,85,Completed
1583,2022-12-27,272,16,Returned
1584,2022-03-28,363,56,Completed
1585,2023-02-11,515,56,Completed
1586,2022-02-24,452,35,Completed
1587,2022-02-20,665,49,Shipped
1588,2023-03-09,199,38,Completed
1589,2022-06-30,609,36,Completed
1590,2023-05-21,532,56,Completed
1591,2022-02-21,662,32,Pending
1592,2022-08-13,118,7,Returned
1593,2023-08-13,273,31,Completed
1594,2022-04-14,283,29,Returned
1595,2023-12-18,734,52,Completed
1596,2022-04-14,226,94,Cancelled
1597,2023-12-10,275,64,Completed
1598,2022-07-28,356,82,Completed
1599,2023-09-03,295,94,Completed
1600,2022-07-09,516,90,Completed
1601,2022-11-09,874,89,Completed
1602,2022-11-19,698,9,Completed
1603,2022-12-07,922,59,Completed
1604,2022-01-14,683,61,Completed
1605,2022-01-22,182,34,Returned
1606,2022-06-24,696,98,Returned
1607,2023-09-01,361,61,Completed
1608,2023-05-16,895,32,Completed
1609,2022-02-16,839,3,Completed
1610,2022-10-25,856,30,Completed
1611,2022-06-21,774,19,Cancelled
1612,2022-04-13,312,95,Completed
1613,2023-05-18,753,45,Pending
1614,2022-09-21,680,63,Completed
1615,2023-04-15,14,46,Completed
1616,2022-12-08,913,67,Cancelled
1617,2023-09-03,496,15,Completed
1618,2023-06-16,746,82,Completed
1619,2023-02-25,877,29,Shipped
1620,2022-05-26,366,64,Completed
1621,2023-08-15,759,90,Pending
1622,2023-01-04,212,96,Completed
1623,2023-01-22,655,14,Pending
1624,2023-10-04,696,70,Returned
1625,2023-04-06,982,68,Completed
1626,2023-11-27,358,43,Completed
1627,2023-03-04,968,36,Completed
1628,2022-02-12,594,67,Shipped
1629,2023-09-20,126,56,Cancelled
1630,2023-08-04,992,45,Completed
1631,2022-01-09,511,88,Completed
1632,2023-11-29,154,67,Pending
1633,2023-10-01,572,86,Completed
1634,2023-05-14,296,9,Cancelled
1635,2022-01-16,465,6,Completed
1636,2023-08-31,127,7,Completed
1637,2022-01-06,441,46,Shipped
1638,2022-01-01,52,33,Completed
1639,2022-10-18,805,65,Shipped
1640,2023-07-29,159,12,Shipped
1641,2022-05-27,751,26,Completed
1642,2022-03-24,298,29,Completed
1643,2022-12-30,255,87,Completed
1644,2023-03-09,409,13,Returned
1645,2022-11-06,612,40,Completed
1646,2023-03-23,696,42,Cancelled
1647,2022-05-23,700,99,Completed
1648,2022-05-19,427,71,Completed
1649,2022-11-09,88,39,Completed
1650,2023-10-06,473,70,Completed
1651,2023-03-24,99,18,Completed
1652,2023-12-12,321,65,Pending
1653,2023-12-31,367,60,Completed
1654,2023-04-23,431,53,Completed
1655,2023-07-27,28,99,Completed
1656,2022-05-24,630,39,Cancelled
1657,2023-08-18,525,48,Completed
1658,2023-07-11,922,73,Returned
1659,2022-02-24,774,51,Completed
1660,2023-11-18,7,60,Cancelled
1661,2023-06-15,472,7,Completed
1662,2022-10-04,850,84,Completed
1663,2023-09-01,100,38,Completed
1664,2023-12-09,340,8,Completed
1665,2023-08-22,691,66,Shipped
1666,2022-02-24,719,27,Completed
1667,2023-07-30,759,64,Completed
1668,2023-11-23,656,20,Completed
1669,2022-11-15,737,1,Cancelled
1670,2023-10-01,705,26,Completed
1671,2022-01-01,157,78,Returned
1672,2023-06-17,100,32,Completed
1673,2023-05-01,26,65,Completed
1674,2022-02-26,949,16,Completed
1675,2023-05-11,189,31,Cancelled
1676,2023-07-14,267,79,Shipped
1677,2023-11-05,632,16,Completed
1678,2023-10-14,23,24,Completed
1679,2023-11-05,247,22,Completed
1680,2023-12-18,560,26,Completed
1681,2022-10-24,297,86,Completed
1682,2023-08-26,505,48,Shipped
1683,2023-02-05,396,90,Cancelled
1684,2023-04-21,427,55,Completed
1685,2022-10-18,469,16,Completed
1686,2022-01-12,595,39,Completed
1687,2023-10-29,915,85,Completed
1688,2022-02-13,930,46,Pending
1689,2023-04-25,904,93,Completed
1690,2022-01-10,163,46,Completed
1691,2023-05-31,216,45,Returned
1692,2023-06-22,400,66,Completed
1693,2023-11-03,156,46,Shipped
1694,2023-07-31,348,59,Shipped
1695,2022-05-24,286,98,Shipped
1696,2023-02-08,70,83,Completed
1697,2023-04-29,621,85,Completed
1698,2023-12-27,950,65,Cancelled
1699,2023-06-23,266,17,Shipped
1700,2023-08-26,979,75,Completed
1701,2023-09-25,850,52,Completed
1702,2022-01-31,873,94,Completed
1703,2022-04-09,682,14,Completed
1704,2023-11-27,488,42,Shipped
1705,2022-08-31,108,23,Shipped
1706,2023-01-29,774,54,Returned
1707,2022-03-05,627,33,Completed
1708,2022-03-16,453,98,Completed
1709,2023-10-09,861,4,Returned
1710,2022-11-25,111,90,Completed
1711,2022-05-17,653,74,Completed
1712,2022-07-20,259,63,Completed
1713,2022-10-20,231,26,Shipped
1714,2023-03-21,834,68,Cancelled
1715,2022-07-16,89,75,Completed
1716,2023-11-16,99,27,Completed
1717,2022-05-24,915,1,Completed
1718,2023-02-22,582,70,Returned
1719,2022-12-15,190,88,Shipped
1720,2023-10-20,541,64,Completed
1721,2022-08-01,585,61,Completed
1722,2023-01-01,634,72,Returned
1723,2022-03-10,450,55,Completed
1724,2022-03-14,583,11,Completed
1725,2023-06-14,306,13,Completed
1726,2022-08-25,53,77,Completed
1727,2022-01-24,230,38,Returned
1728,2022-09-15,400,91,Completed
1729,2022-06-11,992,37,Completed
1730,2023-08-13,248,67,Pending
1731,2023-05-28,320,52,Completed
1732,2023-07-14,715,15,Completed
1733,2022-09-27,669,4,Completed
1734,2023-03-08,268,26,Completed
1735,2022-03-02,143,27,Completed
1736,2022-12-04,947,97,Shipped
1737,2022-03-05,242,64,Completed
1738,2023-08-01,927,79,Shipped
1739,2022-02-06,355,10,Pending
1740,2023-09-05,758,79,Returned
1741,2023-07-19,491,17,Completed
1742,2022-02-12,107,5,Completed
1743,2022-08-19,666,45,Completed
1744,2022-11-07,801,30,Completed
1745,2022-02-26,27,100,Cancelled
1746,2022-07-20,548,78,Returned
1747,2023-11-30,701,95,Completed
1748,2023-05-09,54,50,Shipped
1749,2023-12-14,129,56,Shipped
1750,2023-07-17,142,15,Completed
1751,2023-09-23,926,48,Completed
1752,2022-12-18,448,8,Completed
1753,2022-04-05,603,2,Completed
1754,2023-07-04,582,6,Pending
1755,2022-01-16,895,93,Completed
1756,2022-02-28,79,8,Completed
1757,2022-07-04,290,6,Completed
1758,2023-09-09,671,32,Pending
1759,2022-05-13,621,51,Completed
1760,2022-05-06,673,10,Completed
1761,2023-07-11,211,64,Shipped
1762,2023-01-01,920,29,Completed
1763,2022-11-06,965,47,Cancelled
1764,2022-10-27,890,84,Completed
1765,2022-10-01,327,90,Completed
1766,2022-04-17,56,45,Returned
1767,2023-12-24,974,80,Completed
1768,2022-03-22,209,18,Cancelled
1769,2023-06-18,237,40,Shipped
1770,2022-08-04,126,48,Shipped
1771,2022-05-26,37,31,Shipped
1772,2023-10-28,783,59,Pending
1773,2022-01-22,511,5,Completed
1774,2023-08-26,394,39,Cancelled
1775,2022-03-28,62,36,Returned
1776,2023-01-29,508,3,Returned
1777,2023-01-29,455,6,Completed
1778,2023-01-24,189,85,Completed
1779,2022-02-23,677,40,Completed
1780,2022-12-23,960,4,Returned
1781,2022-12-11,945,34,Cancelled
1782,2023-08-29,222,97,Completed
1783,2023-09-29,445,55,Cancelled
1784,2022-02-28,827,14,Completed
1785,2023-11-26,295,69,Completed
1786,2023-08-10,737,73,Shipped
1787,2022-09-24,167,49,Completed
1788,2022-09-01,136,2,Completed
1789,2023-11-30,974,36,Completed
1790,2022-09-13,790,70,Completed
1791,2023-08-08,405,5,Completed
1792,2023-01-06,276,85,Completed
1793,2023-10-31,830,99,Completed
1794,2022-05-08,315,73,Shipped
1795,2022-09-28,868,23,Completed
1796,2022-01-18,451,2,Completed
1797,2023-01-03,492,82,Cancelled
1798,2022-08-12,419,8,Completed
1799,2022-03-23,284,79,Completed
1800,2022-03-07,452,24,Completed
1801,2022-10-10,266,64,Completed
1802,2023-10-08,179,19,Returned
1803,2023-11-03,51,30,Completed
1804,2022-02-09,189,88,Completed
1805,2023-03-27,594,41,Completed
1806,2022-08-22,63,92,Pending
1807,2022-09-21,17,87,Cancelled
1808,2022-12-28,554,92,Completed
1809,2022-08-29,359,14,Completed
1810,2023-03-31,116,66,Completed
1811,2022-07-28,334,74,Completed
1812,2023-11-29,426,10,Completed
1813,2022-10-17,147,4,Completed
1814,2023-01-04,344,53,Returned
1815,2023-01-19,482,38,Completed
1816,2022-06-14,378,6,Completed
1817,2022-06-03,934,76,Completed
1818,2023-09-16,217,41,Completed
1819,2023-06-05,803,75,Shipped
1820,2022-08-09,388,75,Completed
1821,2022-06-03,391,98,Pending
1822,2022-03-22,979,10,Pending
1823,2022-08-18,579,65,Pending
1824,2023-10-08,562,94,Completed
1825,2022-05-05,868,68,Cancelled
1826,2023-09-14,484,85,Completed
1827,2023-03-28,325,35,Completed
1828,2023-08-13,301,32,Completed
1829,2023-01-06,237,59,Completed
1830,2022-04-29,710,31,Completed
1831,2023-02-24,371,11,Completed
1832,2023-06-02,79,47,Shipped
1833,2023-09-12,236,58,Cancelled
1834,2022-08-24,584,17,Returned
1835,2022-09-08,796,53,Shipped
1836,2023-11-13,142,78,Completed
1837,2022-10-21,350,41,Completed
1838,2023-02-23,432,65,Pending
1839,2023-08-13,507,81,Returned
1840,2022-07-22,922,24,Returned
1841,2022-01-16,171,16,Completed
1842,2023-07-22,729,61,Shipped
1843,2022-05-10,891,5,Cancelled
1844,2022-01-25,707,22,Pending
1845,2022-05-16,528,68,Returned
1846,2023-03-09,363,17,Completed
1847,2023-07-25,248,92,Completed
1848,2022-12-11,919,44,Completed
1849,2023-09-24,111,93,Completed
1850,2022-12-30,973,58,Returned
1851,2023-10-08,461,95,Cancelled
1852,2022-10-24,776,62,Shipped
1853,2022-07-07,742,99,Completed
1854,2023-06-06,86,20,Returned
1855,2023-08-31,608,48,Shipped
1856,2023-04-10,389,42,Completed
1857,2023-06-05,740,76,Completed
1858,2022-04-10,238,39,Completed
1859,2022-02-19,578,67,Returned
1860,2023-08-17,521,55,Completed
1861,2023-01-29,327,97,Completed
1862,2022-05-27,43,95,Returned
1863,2022-08-04,441,67,Completed
1864,2023-09-23,322,13,Completed
1865,2022-06-19,122,37,Completed
1866,2023-03-26,230,22,Completed
1867,2022-09-23,621,97,Completed
1868,2022-08-26,683,36,Completed
1869,2022-07-31,566,66,Shipped
1870,2022-01-29,613,6,Pending
1871,2023-07-07,551,25,Completed
1872,2022-01-27,379,27,Completed
1873,2023-08-08,437,94,Completed
1874,2022-05-10,851,59,Completed
1875,2022-04-23,734,91,Returned
1876,2022-05-03,456,56,Completed
1877,2022-03-30,886,18,Pending
1878,2023-11-16,120,46,Cancelled
1879,2022-08-16,745,10,Completed
1880,2023-06-04,344,36,Completed
1881,2023-06-10,689,100,Completed
1882,2023-12-06,323,5,Completed
1883,2023-12-24,814,67,Completed
1884,2023-07-26,677,81,Completed
1885,2023-10-12,643,2,Completed
1886,2023-08-24,386,29,Shipped
1887,2022-09-29,482,20,Completed
1888,2022-07-11,752,64,Completed
1889,2022-07-23,651,12,Pending
1890,2022-08-08,4,56,Completed
1891,2023-07-26,626,27,Shipped
1892,2022-02-09,429,89,Completed
1893,2023-01-25,647,75,Completed
1894,2022-12-24,496,68,Shipped
1895,2022-07-04,899,39,Cancelled
1896,2022-10-27,685,63,Completed
1897,2023-10-08,402,77,Completed
1898,2023-05-08,303,13,Completed
1899,2022-10-22,430,58,Completed
1900,2023-11-10,436,15,Completed
1901,2022-11-23,677,15,Completed
1902,2023-02-12,722,17,Cancelled
1903,2023-05-11,861,63,Completed
1904,2023-12-05,241,4,Completed
1905,2023-06-04,221,53,Completed
1906,2022-11-27,268,87,Completed
1907,2023-02-05,829,57,Completed
1908,2022-09-24,935,7,Completed
1909,2022-08-13,348,82,Cancelled
1910,2022-11-12,459,53,Completed
1911,2022-06-20,549,27,Cancelled
1912,2022-04-23,971,79,Completed
1913,2022-05-13,620,70,Completed
1914,2022-01-22,822,49,Completed
1915,2023-12-23,342,46,Shipped
1916,2023-07-21,65,84,Completed
1917,2022-08-04,371,69,Completed
1918,2022-06-10,859,69,Completed
1919,2022-08-23,298,21,Returned
1920,2022-12-06,424,28,Completed
1921,2022-09-12,963,2,Completed
1922,2022-01-21,774,68,Completed
1923,2023-02-12,811,63,Completed
1924,2022-10-17,309,4,Completed
1925,2023-12-06,254,5,Completed
1926,2022-05-07,833,49,Shipped
1927,2022-05-15,838,95,Returned
1928,2022-03-28,79,10,Completed
1929,2023-12-22,781,94,Completed
1930,2022-01-16,761,70,Completed
1931,2022-06-05,98,95,Completed
1932,2023-02-05,199,78,Returned
1933,2022-11-28,436,66,Shipped
1934,2022-11-06,281,59,Completed
1935,2022-09-28,993,84,Completed
1936,2023-01-21,299,55,Completed
1937,2023-02-21,575,36,Completed
1938,2023-12-21,547,65,Completed
1939,2022-01-18,509,94,Completed
1940,2023-01-17,782,70,Shipped
1941,2023-04-09,230,74,Pending
1942,2023-02-11,790,30,Completed
1943,2023-05-04,577,14,Completed
1944,2022-12-07,148,81,Pending
1945,2022-04-08,575,22,Completed
1946,2023-05-17,608,32,Completed
1947,2023-02-17,632,61,Completed
1948,2023-08-04,779,30,Completed
1949,2023-05-21,259,53,Completed
1950,2022-12-12,855,20,Completed
1951,2023-12-07,579,77,Completed
1952,2022-01-06,275,89,Completed
1953,2023-07-30,814,63,Completed
1954,2022-11-17,983,84,Completed
1955,2023-04-18,726,62,Completed
1956,2022-03-25,944,14,Completed
1957,2022-03-21,385,17,Shipped
1958,2022-06-15,533,96,Completed
1959,2022-07-22,449,15,Completed
1960,2023-03-11,508,22,Completed
1961,2023-06-22,499,18,Shipped
1962,2023-07-15,429,52,Completed
1963,2022-05-01,446,38,Shipped
1964,2023-11-24,278,67,Completed
1965,2023-01-16,578,84,Completed
1966,2022-10-25,536,88,Completed
1967,2023-09-21,975,92,Completed
1968,2023-09-12,258,61,Completed
1969,2022-12-05,950,96,Shipped
1970,2022-05-19,169,68,Shipped
1971,2023-05-01,11,41,Completed
1972,2022-06-03,482,9,Pending
1973,2022-01-06,320,90,Completed
1974,2023-12-12,97,69,Completed
1975,2022-04-07,63,80,Completed
1976,2022-06-10,69,45,Completed
1977,2022-08-20,354,81,Completed
1978,2022-07-17,282,37,Cancelled
1979,2023-03-13,599,94,Completed
1980,2023-10-02,786,52,Pending
1981,2023-07-29,555,83,Shipped
1982,2022-03-21,607,20,Completed
1983,2022-08-10,287,23,Completed
1984,2022-04-15,130,67,Completed
1985,2023-01-28,339,74,Cancelled
1986,2023-08-30,620,36,Pending
1987,2023-09-23,685,61,Completed
1988,2022-01-03,803,30,Pending
1989,2022-04-04,952,79,Completed
1990,2022-06-18,487,1,Completed
1991,2022-02-23,141,66,Cancelled
1992,2023-03-12,681,61,Completed
1993,2023-05-28,779,16,Completed
1994,2023-02-07,387,100,Completed
1995,2023-05-01,364,40,Cancelled
1996,2022-11-21,544,11,Returned
1997,2022-08-08,979,22,Pending
1998,2022-10-12,729,19,Cancelled
1999,2023-07-28,453,63,Shipped
2000,2022-09-14,702,16,Completed
2001,2023-03-22,668,45,Completed
2002,2023-01-10,876,60,Cancelled
2003,2022-12-21,746,55,Completed
2004,2023-07-28,898,25,Completed
2005,2022-07-03,956,96,Pending
2006,2022-07-20,453,47,Completed
2007,2022-01-06,601,40,Completed
2008,2023-01-13,938,33,Completed
2009,2022-01-14,622,35,Completed
2010,2022-10-09,658,62,Completed
2011,2023-12-14,722,33,Completed
2012,2022-02-28,995,74,Cancelled
2013,2023-04-28,623,81,Completed
2014,2022-06-27,485,96,Returned
2015,2023-07-13,827,14,Completed
2016,2022-01-30,628,92,Completed
2017,2022-07-01,892,17,Completed
2018,2022-05-03,58,57,Completed
2019,2022-03-05,322,13,Returned
2020,2022-10-12,874,25,Shipped
2021,2022-01-18,341,87,Cancelled
2022,2022-11-21,920,91,Completed
2023,2023-08-24,740,47,Completed
2024,2023-11-12,413,54,Cancelled
2025,2023-11-17,63,9,Completed
2026,2023-05-29,152,94,Completed
2027,2022-06-26,455,6,Completed
2028,2022-07-23,706,65,Completed
2029,2023-10-13,765,1,Completed
2030,2023-07-29,360,16,Completed
2031,2023-08-05,857,90,Completed
2032,2023-04-20,91,15,Returned
2033,2022-07-06,748,12,Completed
2034,2023-08-29,642,3,Shipped
2035,2022-01-11,223,82,Completed
2036,2022-03-25,899,93,Pending
2037,2022-11-12,858,88,Completed
2038,2022-07-15,766,97,Shipped
2039,2022-11-14,55,49,Shipped
2040,2022-07-02,286,18,Completed
2041,2023-02-28,232,25,Completed
2042,2022-07-24,182,38,Completed
2043,2023-03-27,271,12,Completed
2044,2023-08-16,373,45,Cancelled
2045,2023-06-20,461,81,Shipped
2046,2022-06-24,38,75,Completed
2047,2023-07-05,583,27,Pending
2048,2023-03-21,356,83,Cancelled
2049,2022-10-23,213,44,Shipped
2050,2023-05-31,565,96,Cancelled
2051,2022-04-03,526,99,Completed
2052,2022-08-12,479,34,Completed
2053,2022-04-29,530,85,Completed
2054,2023-05-02,144,60,Completed
2055,2023-01-17,578,49,Shipped
2056,2022-02-04,331,90,Completed
2057,2023-01-03,891,2,Completed
2058,2023-05-02,343,44,Completed
2059,2022-04-13,192,46,Completed
2060,2023-04-24,560,24,Shipped
2061,2023-03-26,829,79,Completed
2062,2023-08-13,712,56,Shipped
2063,2023-04-30,855,32,Completed
2064,2023-01-18,616,44,Completed
2065,2023-02-15,308,6,Pending
2066,2022-08-28,782,65,Completed
2067,2023-03-13,793,35,Pending
2068,2023-02-15,608,4,Completed
2069,2022-06-20,945,39,Returned
2070,2023-12-16,966,68,Completed
2071,2023-08-05,770,18,Completed
2072,2022-12-08,808,7,Pending
2073,2022-11-13,812,99,Completed
2074,2022-12-21,470,51,Completed
2075,2022-01-01,675,19,Completed
2076,2022-06-26,309,40,Completed
2077,2022-08-30,879,27,Completed
2078,2022-09-08,158,88,Completed
2079,2023-01-19,6,62,Completed
2080,2022-04-13,483,71,Shipped
2081,2023-12-17,218,61,Shipped
2082,2023-04-20,724,32,Shipped
2083,2022-04-09,397,17,Completed
2084,2022-05-17,410,99,Completed
2085,2022-10-17,840,87,Shipped
2086,2023-03-11,612,51,Completed
2087,2022-12-22,501,86,Shipped
2088,2023-08-24,28,29,Returned
2089,2022-07-02,787,31,Completed
2090,2022-12-15,514,1,Completed
2091,2023-02-12,937,10,Completed
2092,2022-05-22,512,25,Completed
2093,2022-11-06,446,12,Completed
2094,2023-11-01,185,55,Completed
2095,2022-11-15,397,87,Cancelled
2096,2022-02-05,268,54,Completed
2097,2023-02-12,699,67,Cancelled
2098,2023-04-22,826,11,Completed
2099,2022-04-14,672,52,Cancelled
2100,2022-01-13,165,41,Completed
2101,2023-06-04,394,88,Completed
2102,2023-05-13,670,86,Completed
2103,2022-02-25,311,55,Completed
2104,2023-10-12,119,78,Cancelled
2105,2023-04-07,515,48,Cancelled
2106,2023-12-31,344,69,Pending
2107,2022-04-25,805,23,Pending
2108,2023-06-29,778,50,Returned
2109,2022-03-23,154,1,Completed
2110,2023-12-26,605,34,Completed
2111,2023-09-22,746,59,Completed
2112,2023-04-21,289,6,Completed
2113,2023-05-17,472,47,Completed
2114,2023-09-06,703,48,Completed
2115,2022-12-12,692,38,Shipped
2116,2022-01-25,556,35,Completed
2117,2023-01-01,428,3,Completed
2118,2022-11-01,652,5,Completed
2119,2023-01-01,750,5,Completed
2120,2023-02-10,255,23,Completed
2121,2022-04-07,130,94,Completed
2122,2023-05-21,442,36,Completed
2123,2023-04-15,706,80,Completed
2124,2023-06-21,583,59,Completed
2125,2022-12-01,382,5,Completed
2126,2023-10-16,832,13,Completed
2127,2022-03-22,346,82,Shipped
2128,2023-03-09,411,3,Completed
2129,2022-09-21,739,84,Shipped
2130,2022-03-23,857,56,Pending
2131,2022-07-16,585,34,Pending
2132,2023-09-23,527,70,Returned
2133,2022-09-07,711,7,Completed
2134,2023-04-30,221,98,Pending
2135,2022-10-09,765,89,Cancelled
2136,2022-10-11,514,86,Completed
2137,2023-02-13,932,24,Shipped
2138,2022-10-07,6,53,Completed
2139,2023-03-01,673,17,Completed
2140,2023-04-19,614,82,Completed
2141,2022-08-15,231,3,Shipped
2142,2022-08-15,66,79,Completed
2143,2023-12-31,624,59,Completed
2144,2023-10-13,610,43,Completed
2145,2023-05-03,953,72,Completed
2146,2022-12-15,328,45,Cancelled
2147,2022-06-05,474,96,Completed
2148,2023-06-30,715,22,Shipped
2149,2022-09-19,413,5,Shipped
2150,2023-08-09,991,11,Completed
2151,2023-07-29,354,11,Completed
2152,2023-06-27,379,39,Completed
2153,2022-11-19,463,87,Completed
2154,2022-06-09,640,75,Completed
2155,2022-12-27,579,56,Completed
2156,2022-01-24,770,37,Completed
2157,2023-05-18,241,49,Returned
2158,2022-05-15,388,78,Pending
2159,2022-05-07,100,51,Completed
2160,2022-04-24,585,38,Completed
2161,2022-06-12,786,100,Pending
2162,2023-02-15,564,53,Completed
2163,2022-08-11,429,77,Completed
2164,2023-01-07,646,14,Shipped
2165,2023-12-05,984,82,Shipped
2166,2022-11-22,515,69,Completed
2167,2022-08-19,880,52,Completed
2168,2023-04-21,294,58,Completed
2169,2022-07-01,410,37,Completed
2170,2022-12-09,782,60,Shipped
2171,2023-12-01,930,13,Completed
2172,2023-10-31,429,54,Completed
2173,2023-10-14,30,80,Completed
2174,2023-09-17,635,65,Pending
2175,2023-09-06,585,94,Completed
2176,2022-01-24,333,79,Completed
2177,2023-08-06,641,61,Shipped
2178,2023-01-15,24,96,Completed
2179,2023-11-01,399,71,Completed
2180,2022-07-17,871,21,Completed
2181,2022-09-03,180,61,Pending
2182,2022-07-24,331,17,Completed
2183,2022-02-01,212,74,Completed
2184,2022-09-08,701,78,Completed
2185,2022-09-05,816,23,Pending
2186,2023-05-28,657,15,Cancelled
2187,2022-12-06,894,21,Completed
2188,2022-03-13,8,96,Completed
2189,2023-11-25,417,67,Pending
2190,2023-01-30,73,54,Pending
2191,2023-07-05,124,92,Cancelled
2192,2023-10-25,547,92,Completed
2193,2023-05-08,848,93,Completed
2194,2023-02-12,849,93,Shipped
2195,2023-01-08,410,92,Returned
2196,2023-10-07,666,57,Completed
2197,2022-05-08,107,19,Cancelled
2198,2023-08-17,772,15,Shipped
2199,2023-01-11,423,85,Completed
2200,2022-09-06,815,62,Completed
2201,2022-04-10,338,83,Shipped
2202,2023-04-15,921,91,Completed
2203,2022-09-08,776,34,Completed
2204,2023-12-07,456,43,Cancelled
2205,2023-12-18,265,73,Completed
2206,2022-02-06,780,18,Completed
2207,2022-10-23,27,29,Returned
2208,2023-08-01,372,92,Completed
2209,2022-06-12,582,82,Completed
2210,2023-03-27,690,38,Completed
2211,2023-12-13,132,19,Completed
2212,2023-01-29,264,82,Completed
2213,2022-08-05,598,39,Completed
2214,2022-01-13,266,47,Shipped
2215,2023-06-14,416,62,Completed
2216,2022-06-24,996,45,Completed
2217,2023-08-25,874,65,Completed
2218,2023-01-19,388,63,Completed
2219,2023-06-22,494,23,Completed
2220,2023-01-24,15,86,Pending
2221,2022-12-17,231,40,Completed
2222,2022-06-03,285,78,Cancelled
2223,2022-05-03,666,26,Completed
2224,2023-04-16,584,82,Returned
2225,2023-06-21,920,30,Shipped
2226,2023-01-08,681,5,Completed
2227,2022-04-12,975,43,Completed
2228,2022-10-05,567,69,Cancelled
2229,2023-07-05,894,11,Pending
2230,2022-02-27,458,73,Completed
2231,2022-09-08,263,95,Completed
2232,2023-10-29,879,32,Completed
2233,2023-04-13,182,6,Pending
2234,2022-09-30,566,36,Completed
2235,2022-07-14,751,9,Returned
2236,2022-05-16,536,39,Completed
2237,2022-08-22,250,75,Shipped
2238,2023-05-04,476,13,Completed
2239,2022-02-22,327,82,Completed
2240,2023-05-05,120,57,Completed
2241,2022-07-22,103,70,Completed
2242,2023-09-05,499,39,Completed
2243,2023-08-19,441,15,Shipped
2244,2023-03-30,797,83,Completed
2245,2023-10-13,630,97,Completed
2246,2022-01-01,258,97,Completed
2247,2022-10-05,505,81,Completed
2248,2023-06-04,495,66,Completed
2249,2023-10-23,307,34,Returned
2250,2022-09-12,350,36,Shipped
2251,2023-05-31,317,81,Completed
2252,2022-07-06,500,1,Completed
2253,2023-06-06,482,64,Completed
2254,2022-03-09,779,56,Shipped
2255,2022-04-07,948,57,Completed
2256,2023-12-05,552,24,Completed
2257,2022-04-22,782,30,Completed
2258,2023-05-29,313,41,Shipped
2259,2023-04-29,106,88,Completed
2260,2023-09-17,216,74,Shipped
2261,2022-11-28,161,25,Shipped
2262,2022-06-25,873,21,Completed
2263,2022-06-10,334,67,Pending
2264,2023-11-01,610,54,Cancelled
2265,2022-10-03,235,34,Completed
2266,2022-11-07,380,19,Completed
2267,2022-12-29,850,96,Completed
2268,2022-11-12,436,73,Completed
2269,2023-03-04,6,98,Pending
2270,2022-02-26,992,53,Completed
2271,2022-05-24,999,59,Shipped
2272,2022-01-20,839,91,Completed
2273,2023-11-09,734,33,Completed
2274,2023-01-18,25,42,Completed
2275,2023-01-27,334,72,Completed
2276,2022-07-24,817,28,Completed
2277,2023-03-27,877,36,Completed
2278,2022-09-06,165,42,Shipped
2279,2023-08-31,482,6,Cancelled
2280,2023-02-04,705,91,Completed
2281,2022-10-14,622,76,Completed
2282,2022-04-14,58,82,Completed
2283,2023-07-05,379,57,Returned
2284,2022-04-24,484,18,Returned
2285,2022-03-17,333,100,Shipped
2286,2022-06-05,895,20,Completed
2287,2023-08-11,205,72,Completed
2288,2022-09-09,336,74,Completed
2289,2023-11-08,267,72,Completed
2290,2022-10-26,707,3,Completed
2291,2022-03-11,892,90,Shipped
2292,2022-11-18,981,47,Returned
2293,2023-04-02,766,28,Completed
2294,2023-04-25,234,59,Completed
2295,2022-07-23,694,91,Completed
2296,2023-09-11,766,3,Completed
2297,2023-10-20,421,55,Completed
2298,2023-05-14,818,7,Cancelled
2299,2022-03-03,935,66,Completed
2300,2023-08-03,448,5,Pending
2301,2022-12-01,810,69,Completed
2302,2023-08-12,342,82,Completed
2303,2022-03-19,579,12,Pending
2304,2022-04-26,545,21,Cancelled
2305,2022-03-31,588,60,Completed
2306,2022-07-15,770,10,Shipped
2307,2023-03-18,838,36,Completed
2308,2022-06-05,667,43,Completed
2309,2023-10-26,590,44,Completed
2310,2023-12-11,758,56,Returned
2311,2023-02-16,589,38,Completed
2312,2023-02-04,20,2,Completed
2313,2023-03-14,155,34,Returned
2314,2023-08-22,691,99,Completed
2315,2023-04-14,670,86,Completed
2316,2023-08-12,948,46,Returned
2317,2023-08-14,157,25,Cancelled
2318,2022-07-31,316,24,Completed
2319,2023-07-01,617,6,Cancelled
2320,2023-07-08,357,9,Completed
2321,2022-11-19,951,30,Shipped
2322,2022-07-26,311,21,Completed
2323,2022-10-05,239,28,Cancelled
2324,2022-01-28,141,57,Completed
2325,2023-01-20,27,57,Returned
2326,2022-08-02,390,7,Completed
2327,2023-02-13,204,27,Cancelled
2328,2023-08-28,835,16,Completed
2329,2022-06-29,519,75,Shipped
2330,2022-05-05,167,97,Completed
2331,2023-05-16,759,78,Completed
2332,2022-11-21,426,25,Completed
2333,2022-04-03,819,65,Completed
2334,2022-09-19,521,15,Pending
2335,2022-01-17,8,49,Cancelled
2336,2023-02-14,985,13,Completed
2337,2022-11-14,857,9,Completed
2338,2023-10-30,308,30,Pending
2339,2022-03-28,667,83,Cancelled
2340,2023-04-28,17,36,Shipped
2341,2022-11-28,47,19,Cancelled
2342,2022-07-01,579,2,Completed
2343,2022-06-09,144,89,Completed
2344,2022-02-09,63,77,Cancelled
2345,2023-11-08,301,48,Completed
2346,2022-06-11,430,23,Completed
2347,2023-06-16,989,20,Shipped
2348,2023-11-16,186,47,Returned
2349,2022-04-23,806,21,Completed
2350,2022-07-28,314,52,Completed
2351,2022-09-29,637,42,Completed
2352,2022-01-27,340,4,Returned
2353,2022-02-05,753,19,Returned
2354,2022-02-17,553,49,Shipped
2355,2023-06-22,174,21,Completed
2356,2022-12-24,919,29,Completed
2357,2022-03-09,116,61,Completed
2358,2023-03-02,877,69,Completed
2359,2023-09-10,829,82,Completed
2360,2023-05-03,481,33,Completed
2361,2023-11-04,553,47,Pending
2362,2023-11-16,734,13,Completed
2363,2023-08-08,201,17,Completed
2364,2022-05-13,825,19,Completed
2365,2022-03-26,762,13,Shipped
2366,2022-10-17,909,79,Completed
2367,2022-08-20,257,24,Shipped
2368,2022-11-05,337,91,Pending
2369,2023-11-16,605,67,Completed
2370,2022-10-01,779,17,Completed
2371,2023-01-19,678,19,Completed
2372,2022-02-05,766,50,Completed
2373,2022-07-22,187,2,Completed
2374,2022-02-04,856,31,Completed
2375,2022-11-27,12,74,Completed
2376,2022-12-19,193,81,Returned
2377,2023-08-15,416,58,Pending
2378,2023-04-10,637,34,Completed
2379,2022-05-01,763,36,Shipped
2380,2023-06-11,947,44,Completed
2381,2022-07-10,262,44,Cancelled
2382,2023-05-15,791,71,Completed
2383,2022-04-09,685,44,Shipped
2384,2022-09-27,65,47,Completed
2385,2022-01-27,988,70,Completed
2386,2022-08-21,999,59,Cancelled
2387,2022-05-04,564,92,Completed
2388,2022-12-22,315,58,Completed
2389,2022-03-26,990,65,Completed
2390,2023-06-08,200,19,Cancelled
2391,2022-08-16,795,3,Completed
2392,2022-12-29,539,77,Cancelled
2393,2023-07-31,881,68,Completed
2394,2023-06-30,372,70,Completed
2395,2023-06-28,171,48,Completed
2396,2023-11-28,170,82,Completed
2397,2023-09-26,232,97,Shipped
2398,2023-07-08,965,79,Completed
2399,2022-07-27,286,7,Pending
2400,2023-02-15,304,50,Returned
2401,2023-03-08,916,61,Completed
2402,2022-05-20,739,39,Completed
2403,2022-09-15,726,72,Shipped
2404,2022-08-02,946,94,Completed
2405,2022-03-10,61,97,Completed
2406,2022-05-28,493,21,Shipped
2407,2022-09-06,401,21,Completed
2408,2023-02-05,606,25,Completed
2409,2022-12-25,73,29,Pending
2410,2022-10-10,144,52,Completed
2411,2023-08-23,968,87,Completed
2412,2023-03-31,146,87,Completed
2413,2022-12-02,12,82,Completed
2414,2022-11-15,537,14,Cancelled
2415,2023-09-05,483,30,Shipped
2416,2022-11-02,842,16,Completed
2417,2023-09-17,466,20,Completed
2418,2022-12-16,897,35,Pending
2419,2022-02-11,391,33,Completed
2420,2023-04-23,437,75,Completed
2421,2023-12-28,709,63,Shipped
2422,2022-08-19,536,14,Completed
2423,2023-09-10,983,77,Returned
2424,2022-09-05,891,86,Completed
2425,2023-12-20,987,56,Completed
2426,2023-10-16,108,99,Completed
2427,2022-10-10,927,33,Completed
2428,2022-12-03,430,86,Cancelled
2429,2023-01-01,86,2,Completed
2430,2023-05-13,249,75,Completed
2431,2023-08-29,445,86,Completed
2432,2023-12-27,500,72,Completed
2433,2023-08-03,385,78,Completed
2434,2023-11-15,392,6,Completed
2435,2023-08-28,859,83,Pending
2436,2023-08-13,98,16,Pending
2437,2022-09-02,370,75,Shipped
2438,2023-09-11,432,51,Shipped
2439,2022-02-10,356,83,Cancelled
2440,2023-04-17,588,67,Completed
2441,2023-02-13,833,81,Shipped
2442,2023-03-19,686,4,Completed
2443,2022-07-05,25,81,Pending
2444,2022-04-12,300,53,Cancelled
2445,2023-04-13,870,33,Completed
2446,2023-12-01,353,46,Pending
2447,2022-09-12,284,58,Cancelled
2448,2022-11-29,470,90,Pending
2449,2022-09-27,788,21,Completed
2450,2023-07-15,664,42,Shipped
2451,2022-12-23,800,23,Cancelled
2452,2022-04-02,342,46,Completed
2453,2022-08-22,325,40,Completed
2454,2022-04-03,655,52,Completed
2455,2023-05-25,655,24,Shipped
2456,2022-07-27,272,91,Completed
2457,2022-12-12,826,57,Returned
2458,2022-06-13,983,22,Completed
2459,2022-04-25,195,75,Completed
2460,2023-06-03,718,83,Completed
2461,2023-07-28,552,23,Completed
2462,2023-12-14,78,26,Completed
2463,2023-12-30,613,85,Completed
2464,2022-09-27,150,92,Completed
2465,2022-12-29,407,18,Returned
2466,2022-04-17,866,95,Cancelled
2467,2022-10-28,629,73,Pending
2468,2022-11-28,231,57,Cancelled
2469,2022-09-09,562,20,Shipped
2470,2022-10-08,27,64,Completed
2471,2023-12-13,225,32,Returned
2472,2023-03-27,664,28,Completed
2473,2022-10-31,250,3,Returned
2474,2023-05-10,859,57,Completed
2475,2023-07-19,582,25,Completed
2476,2023-06-16,595,52,Completed
2477,2023-02-01,765,34,Shipped
2478,2023-01-08,823,34,Completed
2479,2023-01-09,922,31,Completed
2480,2023-01-01,79,89,Completed
2481,2023-12-21,253,69,Completed
2482,2022-04-09,940,65,Shipped
2483,2023-07-03,322,14,Cancelled
2484,2023-09-11,234,93,Completed
2485,2023-12-20,661,71,Cancelled
2486,2022-08-18,477,35,Completed
2487,2022-02-24,472,80,Completed
2488,2023-08-29,447,9,Pending
2489,2022-06-25,23,72,Completed
2490,2023-10-28,59,45,Completed
2491,2023-12-25,152,9,Shipped
2492,2022-03-08,978,93,Completed
2493,2022-09-16,971,94,Completed
2494,2023-09-05,503,56,Shipped
2495,2022-05-17,406,28,Shipped
2496,2022-11-14,552,90,Shipped
2497,2022-12-05,239,73,Cancelled
2498,2023-06-05,969,53,Completed
2499,2023-07-07,698,76,Completed
2500,2022-01-07,995,79,Completed
2501,2023-01-02,602,16,Cancelled
2502,2022-03-14,629,9,Completed
2503,2022-06-15,751,25,Completed
2504,2023-09-08,793,98,Pending
2505,2022-07-05,31,84,Returned
2506,2022-05-03,340,12,Completed
2507,2023-02-18,588,90,Pending
2508,2023-02-01,825,53,Completed
2509,2023-05-01,142,44,Completed
2510,2022-11-15,364,23,Shipped
2511,2022-09-16,512,12,Completed
2512,2023-02-16,206,30,Completed
2513,2023-10-25,649,11,Completed
2514,2022-04-07,537,33,Completed
2515,2023-09-13,63,72,Completed
2516,2023-01-18,98,22,Completed
2517,2023-06-26,13,1,Completed
2518,2022-11-10,29,73,Completed
2519,2022-03-13,979,23,Completed
2520,2023-09-28,511,24,Completed
2521,2022-12-20,100,88,Returned
2522,2023-09-07,384,74,Completed
2523,2023-03-28,724,99,Completed
2524,2022-06-02,834,57,Completed
2525,2022-02-09,958,69,Returned
2526,2022-05-04,827,40,Pending
2527,2022-04-21,358,88,Completed
2528,2023-06-15,172,13,Completed
2529,2023-09-10,159,79,Returned
2530,2023-04-11,951,85,Completed
2531,2023-02-03,803,58,Pending
2532,2023-11-16,568,9,Completed
2533,2023-01-10,145,31,Pending
2534,2023-05-18,193,52,Completed
2535,2022-03-02,939,62,Cancelled
2536,2023-11-07,725,97,Cancelled
2537,2022-04-12,869,67,Completed
2538,2023-11-02,329,68,Completed
2539,2023-12-21,545,67,Completed
2540,2023-07-14,659,26,Completed
2541,2022-05-19,459,98,Completed
2542,2023-10-04,437,52,Completed
2543,2022-03-26,503,4,Completed
2544,2022-11-26,575,62,Completed
2545,2022-11-10,510,99,Completed
2546,2023-12-02,716,8,Completed
2547,2022-02-12,193,12,Completed
2548,2023-08-25,766,74,Completed
2549,2023-10-19,322,95,Completed
2550,2022-01-29,49,39,Completed
2551,2022-12-27,988,69,Completed
2552,2023-12-02,895,56,Shipped
2553,2023-06-21,870,23,Completed
2554,2023-11-29,716,6,Returned
2555,2022-04-12,469,24,Returned
2556,2023-12-31,328,10,Shipped
2557,2023-05-23,212,74,Completed
2558,2022-01-16,47,49,Completed
2559,2023-12-07,120,38,Completed
2560,2022-09-04,676,43,Pending
2561,2023-02-04,847,30,Completed
2562,2023-02-16,46,20,Completed
2563,2022-09-10,637,86,Completed
2564,2023-03-09,697,74,Shipped
2565,2023-10-04,318,27,Pending
2566,2023-11-01,755,35,Completed
2567,2022-01-11,426,53,Completed
2568,2022-07-14,837,100,Completed
2569,2023-09-07,11,81,Shipped
2570,2022-02-12,713,99,Completed
2571,2023-11-10,707,29,Completed
2572,2022-04-28,119,21,Returned
2573,2023-05-16,69,24,Completed
2574,2022-06-21,967,95,Completed
2575,2023-11-29,733,89,Completed
2576,2023-07-04,294,37,Returned
2577,2022-09-25,112,98,Completed
2578,2022-07-26,974,12,Completed
2579,2023-05-25,206,17,Completed
2580,2022-02-06,481,62,Completed
2581,2022-08-23,39,50,Completed
2582,2023-12-12,826,9,Completed
2583,2023-09-23,380,57,Shipped
2584,2023-03-29,612,99,Completed
2585,2023-05-31,786,25,Shipped
2586,2022-11-22,45,73,Completed
2587,2022-06-06,350,33,Returned
2588,2022-12-25,474,26,Returned
2589,2022-02-27,401,49,Completed
2590,2022-10-26,518,9,Completed
2591,2023-10-05,200,43,Shipped
2592,2023-03-26,26,57,Completed
2593,2022-09-09,617,68,Completed
2594,2022-06-14,147,71,Pending
2595,2022-02-28,115,88,Completed
2596,2023-06-15,548,3,Completed
2597,2022-06-23,742,42,Completed
2598,2022-05-27,924,14,Shipped
2599,2022-01-07,391,1,Completed
2600,2023-02-01,788,73,Completed
2601,2022-08-18,781,81,Completed
2602,2023-07-13,76,3,Completed
2603,2023-05-03,960,74,Completed
2604,2022-10-17,703,79,Completed
2605,2022-09-01,700,63,Completed
2606,2022-12-20,652,59,Completed
2607,2022-06-06,466,69,Returned
2608,2022-08-18,148,37,Completed
2609,2022-06-28,987,50,Pending
2610,2022-06-14,377,95,Completed
2611,2022-11-04,148,6,Completed
2612,2023-12-29,901,70,Returned
2613,2023-02-16,129,81,Completed
2614,2023-02-20,432,54,Completed
2615,2023-04-09,455,50,Completed
2616,2022-12-12,334,86,Completed
2617,2023-06-27,211,32,Completed
2618,2022-07-15,583,25,Pending
2619,2023-11-07,803,80,Completed
2620,2023-04-20,562,98,Cancelled
2621,2023-01-19,660,40,Completed
2622,2022-05-25,482,14,Completed
2623,2023-04-09,308,100,Returned
2624,2023-02-27,53,26,Completed
2625,2023-07-19,912,21,Shipped
2626,2023-06-14,443,24,Pending
2627,2022-01-25,711,27,Completed
2628,2023-11-15,177,35,Pending
2629,2023-11-28,577,99,Completed
2630,2023-02-16,589,26,Completed
2631,2022-11-21,480,32,Returned
2632,2022-05-14,781,63,Completed
2633,2023-09-20,544,95,Completed
2634,2022-02-06,693,13,Cancelled
2635,2022-03-29,22,2,Returned
2636,2022-02-24,340,12,Completed
2637,2023-01-01,208,96,Completed
2638,2022-08-07,315,9,Completed
2639,2022-11-20,598,58,Completed
2640,2023-12-22,180,38,Completed
2641,2023-07-30,164,20,Completed
2642,2022-05-02,546,80,Completed
2643,2023-07-30,566,81,Completed
2644,2022-10-15,707,32,Pending
2645,2023-11-11,969,19,Returned
2646,2022-04-10,774,6,Completed
2647,2023-01-26,485,49,Completed
2648,2022-01-21,601,89,Pending
2649,2023-01-07,954,57,Completed
2650,2022-07-06,459,3,Pending
2651,2023-11-19,581,45,Returned
2652,2022-03-29,908,48,Completed
2653,2022-05-19,640,39,Shipped
2654,2022-06-03,114,86,Completed
2655,2023-10-12,329,38,Shipped
2656,2022-03-27,364,78,Pending
2657,2023-05-22,17,80,Returned
2658,2023-03-04,174,47,Returned
2659,2022-07-16,526,36,Pending
2660,2022-01-25,502,41,Returned
2661,2022-02-23,665,31,Shipped
2662,2022-09-27,460,56,Completed
2663,2022-10-07,768,98,Shipped
2664,2023-11-07,83,43,Completed
2665,2022-05-14,893,80,Completed
2666,2023-08-11,20,39,Completed
2667,2023-04-27,390,50,Completed
2668,2023-11-20,277,90,Completed
2669,2023-01-11,823,66,Returned
2670,2023-03-11,417,91,Completed
2671,2022-12-21,737,34,Completed
2672,2023-05-16,289,35,Completed
2673,2023-04-06,941,86,Completed
2674,2023-11-14,936,41,Returned
2675,2022-04-27,24,17,Cancelled
2676,2022-04-20,249,10,Completed
2677,2022-03-08,158,74,Cancelled
2678,2022-03-31,885,10,Completed
2679,2022-01-14,755,44,Returned
2680,2023-09-25,73,20,Completed
2681,2023-04-17,647,43,Cancelled
2682,2022-04-19,628,16,Completed
2683,2022-05-23,205,96,Returned
2684,2022-07-10,94,92,Pending
2685,2022-01-04,444,88,Completed
2686,2022-02-21,735,11,Completed
2687,2023-10-03,543,25,Completed
2688,2022-07-22,726,64,Completed
2689,2022-07-10,481,37,Shipped
2690,2023-08-30,886,8,Completed
2691,2023-06-04,7,11,Completed
2692,2022-07-22,270,19,Returned
2693,2023-08-13,997,25,Shipped
2694,2023-12-21,780,10,Completed
2695,2022-11-26,775,30,Completed
2696,2023-10-13,857,76,Completed
2697,2023-02-27,519,82,Completed
2698,2023-03-13,257,45,Shipped
2699,2023-06-28,8,84,Returned
2700,2023-12-01,258,37,Shipped
2701,2022-03-08,64,9,Completed
2702,2022-03-03,635,97,Cancelled
2703,2022-03-23,691,98,Returned
2704,2023-04-02,13,96,Shipped
2705,2022-11-23,603,99,Returned
2706,2023-01-06,715,88,Completed
2707,2022-03-09,583,34,Shipped
2708,2022-11-23,462,46,Shipped
2709,2023-05-07,380,64,Completed
2710,2023-05-16,321,70,Pending
2711,2022-07-14,234,76,Completed
2712,2023-12-09,362,53,Completed
2713,2023-04-18,333,52,Completed
2714,2023-04-21,464,20,Completed
2715,2023-01-30,430,4,Returned
2716,2022-11-21,391,81,Completed
2717,2023-01-10,15,56,Cancelled
2718,2023-11-09,928,23,Completed
2719,2022-07-08,223,13,Completed
2720,2023-04-29,154,35,Completed
2721,2022-01-23,510,51,Completed
2722,2023-07-17,285,30,Completed
2723,2023-09-14,742,64,Completed
2724,2022-06-13,500,86,Completed
2725,2022-04-19,69,42,Shipped
2726,2023-09-15,297,19,Completed
2727,2023-05-22,823,28,Completed
2728,2022-01-14,980,40,Completed
2729,2022-12-13,646,40,Shipped
2730,2023-03-16,627,16,Completed
2731,2023-06-27,289,44,Shipped
2732,2023-12-07,885,17,Completed
2733,2023-04-30,65,3,Completed
2734,2023-03-04,253,27,Pending
2735,2023-12-06,240,41,Completed
2736,2023-05-03,806,36,Completed
2737,2023-08-15,813,43,Shipped
2738,2022-05-11,989,42,Cancelled
2739,2023-08-10,995,30,Shipped
2740,2023-09-17,243,32,Completed
2741,2023-04-27,912,3,Completed
2742,2022-04-08,394,97,Completed
2743,2022-11-26,84,68,Completed
2744,2023-09-10,923,94,Completed
2745,2023-04-06,399,100,Completed
2746,2022-10-10,729,19,Completed
2747,2022-03-02,486,32,Completed
2748,2022-01-04,336,46,Cancelled
2749,2023-05-10,576,19,Cancelled
2750,2022-11-24,497,41,Completed
2751,2023-07-04,205,83,Completed
2752,2023-09-04,620,16,Completed
2753,2022-03-04,754,25,Completed
2754,2023-06-01,290,32,Cancelled
2755,2023-03-10,718,2,Completed
2756,2022-07-29,148,38,Completed
2757,2023-10-30,660,98,Completed
2758,2023-01-13,477,100,Returned
2759,2022-06-01,458,81,Completed
2760,2022-06-10,609,57,Shipped
2761,2022-04-21,960,36,Completed
2762,2022-07-22,724,78,Completed
2763,2022-06-16,601,17,Completed
2764,2022-01-18,127,7,Returned
2765,2023-07-20,489,48,Completed
2766,2023-01-20,564,4,Completed
2767,2023-10-24,332,51,Completed
2768,2023-09-20,857,98,Completed
2769,2022-10-17,332,73,Shipped
2770,2022-02-10,905,66,Completed
2771,2022-05-16,509,9,Returned
2772,2022-05-24,156,14,Completed
2773,2022-08-29,95,97,Completed
2774,2023-01-01,347,11,Completed
2775,2022-03-13,505,52,Completed
2776,2023-06-22,427,83,Cancelled
2777,2023-12-13,159,71,Cancelled
2778,2022-08-01,460,21,Completed
2779,2022-09-25,233,31,Completed
2780,2023-12-01,572,4,Completed
2781,2023-12-16,231,62,Completed
2782,2022-08-13,777,30,Pending
2783,2022-05-21,513,41,Completed
2784,2023-10-12,687,51,Completed
2785,2022-10-24,505,4,Shipped
2786,2023-12-15,425,71,Completed
2787,2022-07-24,604,5,Completed
2788,2023-08-20,504,1,Completed
2789,2022-03-24,596,48,Completed
2790,2022-06-18,407,28,Completed
2791,2022-01-08,938,81,Shipped
2792,2022-10-16,273,72,Completed
2793,2023-02-02,164,26,Shipped
2794,2022-09-20,343,26,Completed
2795,2022-09-24,403,16,Shipped
2796,2023-04-08,30,58,Completed
2797,2023-10-30,688,66,Cancelled
2798,2022-07-29,190,15,Completed
2799,2022-04-20,761,27,Completed
2800,2023-08-07,754,96,Completed
2801,2023-12-08,691,28,Returned
2802,2022-11-07,370,60,Completed
2803,2023-10-04,236,73,Returned
2804,2022-09-16,223,66,Completed
2805,2022-01-13,222,24,Returned
2806,2022-07-31,512,93,Completed
2807,2022-12-02,469,51,Completed
2808,2022-06-19,943,63,Completed
2809,2023-09-04,293,86,Returned
2810,2022-09-12,80,79,Completed
2811,2022-01-01,874,4,Completed
2812,2022-01-12,970,36,Pending
2813,2022-11-07,456,49,Shipped
2814,2022-06-13,100,7,Completed
2815,2023-10-24,196,55,Shipped
2816,2023-01-17,78,36,Completed
2817,2022-01-23,305,99,Completed
2818,2022-05-03,310,19,Completed
2819,2022-07-29,124,82,Shipped
2820,2023-11-30,812,4,Returned
2821,2023-05-03,179,2,Completed
2822,2022-08-29,467,75,Shipped
2823,2022-10-07,277,3,Shipped
2824,2023-05-07,65,94,Shipped
2825,2022-08-09,67,51,Shipped
2826,2022-01-31,39,64,Completed
2827,2023-04-22,423,23,Pending
2828,2023-08-14,919,6,Shipped
2829,2022-10-15,727,37,Shipped
2830,2022-07-27,822,35,Completed
2831,2022-10-06,987,25,Completed
2832,2023-04-04,830,1,Pending
2833,2022-02-15,895,73,Cancelled
2834,2023-03-22,573,90,Completed
2835,2022-08-26,733,96,Completed
2836,2023-01-08,91,77,Completed
2837,2023-04-29,558,21,Completed
2838,2023-01-16,744,71,Completed
2839,2022-11-25,753,82,Completed
2840,2022-06-28,595,52,Completed
2841,2022-12-22,786,38,Completed
2842,2023-11-20,770,64,Shipped
2843,2023-02-22,369,56,Completed
2844,2022-09-17,907,18,Completed
2845,2023-01-03,661,60,Completed
2846,2023-07-07,883,88,Completed
2847,2022-02-13,352,65,Returned
2848,2023-10-03,149,77,Completed
2849,2023-10-10,852,96,Completed
2850,2023-08-11,143,27,Cancelled
2851,2023-02-10,84,54,Returned
2852,2023-05-29,558,6,Completed
2853,2023-08-13,5,33,Pending
2854,2023-11-12,965,22,Shipped
2855,2023-12-02,727,43,Completed
2856,2022-11-30,750,48,Completed
2857,2023-02-09,536,85,Cancelled
2858,2022-08-13,591,45,Shipped
2859,2023-12-06,770,14,Completed
2860,2023-10-22,465,20,Cancelled
2861,2022-07-12,734,1,Returned
2862,2023-06-01,820,14,Completed
2863,2022-03-15,712,40,Completed
2864,2023-02-20,311,27,Completed
2865,2022-04-09,975,25,Completed
2866,2022-02-01,303,16,Completed
2867,2023-11-28,74,9,Completed
2868,2022-05-02,433,46,Shipped
2869,2022-01-11,715,77,Completed
2870,2023-02-02,384,27,Completed
2871,2023-09-27,604,62,Completed
2872,2023-08-31,43,87,Completed
2873,2022-02-02,512,41,Completed
2874,2022-09-19,718,61,Returned
2875,2023-01-28,771,69,Shipped
2876,2023-03-09,706,76,Completed
2877,2022-12-26,972,88,Completed
2878,2022-01-28,390,5,Pending
2879,2022-03-30,487,33,Completed
2880,2022-03-26,252,93,Cancelled
2881,2023-10-09,945,13,Completed
2882,2022-12-12,248,78,Pending
2883,2022-02-05,331,40,Completed
2884,2023-12-22,876,58,Completed
2885,2023-02-25,98,2,Shipped
2886,2023-08-31,884,87,Cancelled
2887,2023-06-03,456,9,Completed
2888,2023-04-20,282,90,Completed
2889,2023-07-03,670,93,Completed
2890,2023-08-23,121,90,Completed
2891,2022-06-28,924,58,Completed
2892,2022-06-16,41,38,Completed
2893,2023-03-13,113,88,Completed
2894,2022-03-20,204,62,Completed
2895,2022-01-06,397,100,Shipped
2896,2023-11-01,928,23,Cancelled
2897,2022-02-14,310,24,Completed
2898,2023-12-01,598,64,Completed
2899,2023-04-01,828,90,Pending
2900,2022-04-29,104,22,Completed
2901,2023-09-12,577,4,Completed
2902,2023-01-11,814,90,Completed
2903,2023-12-27,538,89,Completed
2904,2023-07-11,109,54,Completed
2905,2022-10-13,447,72,Shipped
2906,2022-03-10,67,12,Completed
2907,2023-11-12,367,61,Completed
2908,2022-09-07,929,18,Completed
2909,2022-06-15,89,74,Completed
2910,2022-07-21,457,85,Pending
2911,2023-01-18,571,34,Completed
2912,2023-11-04,190,75,Completed
2913,2023-07-28,41,30,Completed
2914,2022-11-04,137,96,Shipped
2915,2022-01-12,381,8,Completed
2916,2022-01-13,116,68,Shipped
2917,2023-08-23,544,2,Completed
2918,2022-05-21,328,32,Returned
2919,2022-08-07,194,85,Completed
2920,2023-05-06,220,13,Completed
2921,2023-07-21,649,81,Completed
2922,2022-03-14,150,86,Completed
2923,2023-06-07,149,98,Completed
2924,2023-06-10,75,73,Completed
2925,2023-10-04,772,53,Cancelled
2926,2023-01-06,961,29,Cancelled
2927,2023-02-21,62,97,Completed
2928,2022-11-25,800,51,Completed
2929,2023-11-19,744,48,Completed
2930,2023-09-13,857,29,Shipped
2931,2022-05-11,491,79,Pending
2932,2023-06-06,911,53,Completed
2933,2023-10-13,162,31,Completed
2934,2022-10-22,510,99,Completed
2935,2023-09-07,32,54,Completed
2936,2022-03-28,722,100,Completed
2937,2023-10-19,41,48,Completed
2938,2022-10-15,476,84,Cancelled
2939,2022-12-16,311,69,Completed
2940,2022-11-12,876,61,Completed
2941,2023-01-31,776,89,Completed
2942,2023-07-28,946,88,Completed
2943,2023-11-08,805,74,Completed
2944,2022-12-12,94,89,Completed
2945,2022-12-17,546,67,Completed
2946,2022-03-06,258,81,Completed
2947,2022-10-05,896,37,Completed
2948,2022-08-22,321,42,Returned
2949,2023-08-03,196,45,Pending
2950,2022-07-16,846,43,Completed
2951,2023-02-26,286,34,Completed
2952,2023-11-17,675,25,Shipped
2953,2022-05-23,822,99,Shipped
2954,2022-07-14,704,88,Completed
2955,2023-07-10,567,42,Completed
2956,2023-04-19,596,67,Completed
2957,2022-10-26,654,32,Completed
2958,2023-10-11,851,44,Completed
2959,2023-10-26,830,64,Completed
2960,2023-02-06,496,92,Completed
2961,2023-08-05,471,69,Completed
2962,2022-09-18,621,10,Completed
2963,2023-01-21,833,71,Pending
2964,2022-01-04,69,25,Cancelled
2965,2022-09-18,951,64,Completed
2966,2023-07-18,598,36,Completed
2967,2023-03-07,204,35,Completed
2968,2023-03-14,644,63,Completed
2969,2023-05-03,448,50,Completed
2970,2022-05-24,186,16,Completed
2971,2022-02-25,43,9,Completed
2972,2023-07-16,549,35,Completed
2973,2022-04-09,948,96,Shipped
2974,2022-07-29,41,85,Completed
2975,2022-01-11,115,44,Pending
2976,2022-10-11,292,56,Completed
2977,2022-08-14,634,78,Completed
2978,2022-10-01,951,71,Completed
2979,2022-08-31,156,3,Completed
2980,2022-11-21,781,29,Completed
2981,2023-01-28,209,70,Completed
2982,2022-06-14,94,74,Shipped
2983,2022-10-04,829,63,Completed
2984,2022-09-10,866,53,Completed
2985,2023-04-16,625,22,Returned
2986,2022-08-14,287,14,Completed
2987,2023-11-19,316,56,Completed
2988,2023-09-07,870,50,Completed
2989,2022-08-26,103,11,Completed
2990,2023-03-31,454,20,Shipped
2991,2023-01-29,872,79,Shipped
2992,2022-01-24,555,98,Completed
2993,2023-11-21,504,56,Cancelled
2994,2023-06-21,351,42,Completed
2995,2023-06-04,631,50,Cancelled
2996,2023-09-14,211,48,Completed
2997,2022-03-21,616,90,Shipped
2998,2022-06-22,807,52,Completed
2999,2022-11-18,362,52,Completed
3000,2022-10-25,921,30,Completed
