payment_id,order_id,payment_date,payment_status
1,1,2023-07-06,Completed
2,2,2023-03-01,Completed
3,3,2023-06-19,Completed
4,4,2022-11-20,Completed
5,5,2023-08-17,Refunded
6,6,2022-12-29,Completed
7,7,2022-02-03,Completed
8,8,2022-06-20,Completed
9,9,2023-09-04,Completed
10,10,2022-11-19,Completed
11,11,2022-04-01,Completed
12,12,2022-11-08,Completed
13,13,2022-04-25,Failed
14,14,2022-04-05,Completed
15,15,2023-05-12,Completed
16,16,2022-12-15,Completed
17,17,2023-06-22,Completed
18,18,2022-04-12,Completed
19,19,2022-05-17,Completed
20,20,2023-02-03,Completed
21,21,2022-11-15,Completed
22,22,2023-09-01,Completed
23,23,2022-02-18,Completed
24,24,2022-11-17,Completed
25,25,2023-10-19,Completed
26,26,2022-07-18,Completed
27,27,2023-03-28,Completed
28,28,2022-06-11,Completed
29,29,2023-10-02,Completed
30,30,2023-07-11,Completed
31,31,2022-05-27,Refunded
32,32,2023-08-12,Completed
33,33,2023-09-20,Completed
34,34,2022-02-23,Completed
35,35,2023-11-23,Completed
36,36,2022-03-30,Completed
37,37,2023-09-05,Completed
38,38,2023-12-10,Completed
39,39,2022-11-16,Completed
40,40,2023-11-18,Completed
41,41,2023-04-23,Completed
42,42,2023-12-19,Completed
43,43,2023-12-03,Completed
44,44,2023-04-27,Completed
45,45,2023-09-25,Completed
46,46,2023-12-19,Completed
47,47,2022-11-30,Completed
48,48,2023-05-02,Completed
49,49,2022-06-25,Completed
50,50,2023-08-12,Completed
51,51,2022-04-21,Completed
52,52,2022-11-07,Completed
53,53,2023-03-02,Completed
54,54,2022-06-13,Completed
55,55,2022-12-17,Completed
56,56,2023-03-24,Completed
57,57,2022-08-30,Completed
58,58,2023-12-31,Completed
59,59,2023-09-03,Completed
60,60,2023-04-03,Pending
61,61,2022-03-15,Completed
62,62,2023-09-03,Completed
63,63,2023-10-25,Completed
64,64,2022-05-23,Refunded
65,65,2023-10-14,Completed
66,66,2023-11-09,Completed
67,67,2023-02-06,Completed
68,68,2022-08-01,Completed
69,69,2023-11-27,Completed
70,70,2022-12-20,Completed
71,71,2023-06-07,Refunded
72,72,2022-03-06,Pending
73,73,2022-01-01,Refunded
74,74,2023-01-03,Refunded
75,75,2022-08-31,Completed
76,76,2023-10-05,Completed
77,77,2023-01-28,Completed
78,78,2022-06-29,Completed
79,79,2023-01-30,Refunded
80,80,2022-06-09,Completed
81,81,2022-01-13,Completed
82,82,2023-05-15,Pending
83,83,2022-05-21,Completed
84,84,2023-03-04,Refunded
85,85,2023-12-14,Completed
86,86,2023-04-11,Completed
87,87,2023-04-08,Completed
88,88,2023-03-12,Completed
89,89,2022-08-31,Completed
90,90,2023-07-14,Completed
91,91,2022-02-10,Completed
92,92,2022-04-28,Pending
93,93,2022-03-24,Completed
94,94,2022-10-16,Completed
95,95,2023-09-18,Completed
96,96,2023-11-12,Completed
97,97,2023-10-13,Completed
98,98,2022-02-25,Completed
99,99,2022-01-14,Completed
100,100,2023-04-26,Completed
101,101,2022-12-29,Completed
102,102,2022-02-08,Completed
103,103,2023-08-01,Completed
104,104,2023-08-18,Completed
105,105,2022-10-26,Completed
106,106,2022-10-21,Completed
107,107,2022-03-22,Completed
108,108,2023-09-23,Refunded
109,109,2022-01-15,Completed
110,110,2023-08-31,Completed
111,111,2023-01-16,Completed
112,112,2023-12-20,Completed
113,113,2023-06-25,Completed
114,114,2022-03-30,Completed
115,115,2022-06-07,Completed
116,116,2023-03-01,Completed
117,117,2023-03-27,Completed
118,118,2023-08-15,Completed
119,119,2022-09-30,Completed
120,120,2023-04-23,Completed
121,121,2023-06-30,Completed
122,122,2023-02-05,Completed
123,123,2023-03-22,Refunded
124,124,2023-04-06,Completed
125,125,2023-06-27,Completed
126,126,2023-07-01,Pending
127,127,2023-03-21,Refunded
128,128,2022-12-11,Failed
129,129,2022-09-21,Completed
130,130,2023-11-24,Completed
131,131,2023-08-27,Completed
132,132,2023-11-26,Completed
133,133,2022-01-12,Refunded
134,134,2022-01-13,Completed
135,135,2023-12-05,Completed
136,136,2022-10-20,Completed
137,137,2023-09-27,Pending
138,138,2023-11-05,Pending
139,139,2023-10-18,Pending
140,140,2022-04-01,Completed
141,141,2023-11-04,Completed
142,142,2022-07-09,Completed
143,143,2022-09-18,Completed
144,144,2022-03-19,Refunded
145,145,2022-10-11,Completed
146,146,2023-11-15,Completed
147,147,2022-06-16,Completed
148,148,2022-03-06,Completed
149,149,2022-03-03,Completed
150,150,2022-03-13,Completed
151,151,2022-07-02,Completed
152,152,2023-07-08,Completed
153,153,2023-10-23,Completed
154,154,2022-04-16,Completed
155,155,2022-09-15,Completed
156,156,2023-05-26,Completed
157,157,2022-02-08,Completed
158,158,2023-12-19,Completed
159,159,2023-06-14,Completed
160,160,2023-03-24,Failed
161,161,2022-03-14,Completed
162,162,2023-12-08,Completed
163,163,2023-08-06,Completed
164,164,2022-11-09,Completed
165,165,2023-10-26,Completed
166,166,2022-12-16,Completed
167,167,2022-10-25,Completed
168,168,2022-02-10,Completed
169,169,2022-11-04,Refunded
170,170,2023-10-10,Completed
171,171,2023-10-12,Completed
172,172,2022-02-08,Completed
173,173,2023-09-01,Completed
174,174,2023-07-10,Completed
175,175,2023-04-06,Completed
176,176,2022-02-27,Completed
177,177,2022-05-02,Completed
178,178,2023-04-15,Refunded
179,179,2023-07-06,Completed
180,180,2022-03-16,Completed
181,181,2023-11-01,Refunded
182,182,2023-09-28,Completed
183,183,2022-05-15,Completed
184,184,2022-11-11,Completed
185,185,2022-06-26,Completed
186,186,2022-04-20,Completed
187,187,2023-09-25,Refunded
188,188,2023-03-14,Completed
189,189,2022-11-30,Completed
190,190,2022-05-23,Completed
191,191,2023-08-31,Completed
192,192,2022-10-09,Completed
193,193,2023-12-16,Completed
194,194,2022-09-08,Completed
195,195,2022-04-13,Completed
196,196,2022-06-13,Completed
197,197,2022-01-10,Completed
198,198,2023-09-02,Completed
199,199,2023-05-05,Completed
200,200,2023-10-18,Completed
201,201,2022-09-02,Completed
202,202,2022-02-08,Completed
203,203,2023-09-21,Completed
204,204,2022-11-05,Completed
205,205,2022-08-31,Pending
206,206,2022-04-10,Refunded
207,207,2023-07-08,Completed
208,208,2023-10-04,Completed
209,209,2022-07-20,Completed
210,210,2023-05-03,Completed
211,211,2022-02-16,Completed
212,212,2022-08-05,Completed
213,213,2023-04-11,Completed
214,214,2023-07-06,Refunded
215,215,2023-05-14,Completed
216,216,2022-08-29,Completed
217,217,2022-12-01,Completed
218,218,2022-11-30,Completed
219,219,2022-08-22,Completed
220,220,2022-07-25,Completed
221,221,2023-08-23,Refunded
222,222,2022-05-29,Completed
223,223,2023-02-01,Completed
224,224,2022-07-20,Pending
225,225,2022-07-28,Completed
226,226,2023-08-07,Completed
227,227,2023-04-22,Completed
228,228,2022-12-18,Completed
229,229,2023-10-17,Refunded
230,230,2023-08-15,Refunded
231,231,2022-04-01,Completed
232,232,2022-08-11,Failed
233,233,2022-10-15,Completed
234,234,2022-09-10,Completed
235,235,2022-08-16,Pending
236,236,2023-08-11,Completed
237,237,2022-02-17,Completed
238,238,2023-06-02,Completed
239,239,2023-05-07,Failed
240,240,2023-04-11,Completed
241,241,2022-01-14,Completed
242,242,2022-08-14,Completed
243,243,2023-10-27,Completed
244,244,2022-11-10,Completed
245,245,2023-08-10,Completed
246,246,2023-04-11,Completed
247,247,2023-12-24,Failed
248,248,2023-01-16,Completed
249,249,2022-01-02,Completed
250,250,2023-12-10,Completed
251,251,2023-03-15,Completed
252,252,2023-09-22,Failed
253,253,2023-12-05,Refunded
254,254,2022-02-26,Completed
255,255,2022-02-22,Completed
256,256,2023-09-26,Completed
257,257,2023-10-26,Completed
258,258,2023-12-30,Completed
259,259,2022-12-11,Completed
260,260,2023-05-05,Completed
261,261,2023-12-22,Completed
262,262,2022-08-20,Refunded
263,263,2023-05-31,Completed
264,264,2022-03-07,Completed
265,265,2023-05-30,Completed
266,266,2023-06-29,Refunded
267,267,2023-04-08,Refunded
268,268,2023-12-12,Completed
269,269,2023-04-15,Completed
270,270,2022-07-04,Completed
271,271,2022-10-10,Completed
272,272,2022-06-05,Completed
273,273,2023-10-05,Completed
274,274,2023-12-02,Completed
275,275,2023-03-09,Completed
276,276,2022-10-27,Completed
277,277,2022-08-27,Completed
278,278,2023-02-28,Completed
279,279,2022-12-02,Completed
280,280,2023-06-27,Completed
281,281,2022-11-08,Refunded
282,282,2022-11-12,Completed
283,283,2023-01-17,Completed
284,284,2022-02-18,Completed
285,285,2022-06-20,Completed
286,286,2022-10-22,Failed
287,287,2023-12-13,Refunded
288,288,2022-06-17,Completed
289,289,2022-11-22,Completed
290,290,2023-01-14,Completed
291,291,2022-02-05,Pending
292,292,2022-06-02,Completed
293,293,2022-06-18,Completed
294,294,2022-01-27,Completed
295,295,2023-04-17,Completed
296,296,2023-07-14,Completed
297,297,2023-12-26,Refunded
298,298,2023-08-13,Failed
299,299,2023-03-29,Completed
300,300,2023-05-07,Completed
301,301,2023-07-19,Completed
302,302,2023-09-26,Completed
303,303,2022-04-06,Completed
304,304,2022-07-21,Completed
305,305,2022-10-12,Completed
306,306,2023-04-04,Pending
307,307,2023-06-09,Completed
308,308,2023-09-11,Pending
309,309,2023-11-15,Completed
310,310,2023-03-16,Completed
311,311,2022-10-21,Completed
312,312,2023-04-03,Completed
313,313,2023-03-31,Failed
314,314,2022-10-25,Pending
315,315,2023-03-12,Completed
316,316,2023-08-25,Completed
317,317,2022-11-08,Pending
318,318,2022-03-10,Completed
319,319,2022-04-01,Completed
320,320,2022-10-07,Completed
321,321,2023-12-30,Refunded
322,322,2022-07-25,Completed
323,323,2023-05-20,Refunded
324,324,2022-11-10,Completed
325,325,2022-08-20,Completed
326,326,2022-11-05,Refunded
327,327,2023-04-30,Completed
328,328,2022-10-22,Completed
329,329,2023-12-06,Completed
330,330,2022-10-11,Completed
331,331,2023-01-07,Completed
332,332,2022-09-23,Completed
333,333,2023-12-12,Completed
334,334,2023-08-13,Completed
335,335,2022-03-03,Completed
336,336,2023-12-12,Completed
337,337,2022-10-07,Completed
338,338,2022-12-31,Completed
339,339,2023-10-19,Completed
340,340,2023-10-08,Completed
341,341,2022-06-21,Refunded
342,342,2023-12-04,Completed
343,343,2023-12-17,Completed
344,344,2023-08-19,Completed
345,345,2023-06-16,Failed
346,346,2023-02-27,Completed
347,347,2022-06-08,Failed
348,348,2023-07-29,Failed
349,349,2023-06-25,Completed
350,350,2023-12-22,Completed
351,351,2022-03-20,Refunded
352,352,2023-05-09,Completed
353,353,2022-05-25,Refunded
354,354,2023-09-05,Pending
355,355,2022-06-26,Completed
356,356,2022-05-02,Refunded
357,357,2022-05-26,Completed
358,358,2022-08-05,Completed
359,359,2022-04-27,Failed
360,360,2023-03-19,Completed
361,361,2023-11-09,Completed
362,362,2022-05-04,Completed
363,363,2022-11-05,Completed
364,364,2022-05-08,Completed
365,365,2022-07-25,Completed
366,366,2022-04-04,Pending
367,367,2023-08-17,Completed
368,368,2023-05-29,Completed
369,369,2023-06-04,Completed
370,370,2023-08-17,Completed
371,371,2022-07-16,Completed
372,372,2023-07-05,Completed
373,373,2022-08-10,Refunded
374,374,2023-05-02,Completed
375,375,2023-03-27,Completed
376,376,2022-12-31,Completed
377,377,2022-08-22,Completed
378,378,2022-11-19,Completed
379,379,2022-05-21,Completed
380,380,2022-10-25,Completed
381,381,2022-12-03,Completed
382,382,2023-04-14,Completed
383,383,2023-04-01,Completed
384,384,2023-03-17,Refunded
385,385,2023-05-03,Completed
386,386,2022-01-14,Completed
387,387,2023-02-12,Completed
388,388,2022-03-31,Completed
389,389,2023-12-15,Completed
390,390,2022-06-22,Pending
391,391,2022-12-14,Failed
392,392,2023-02-18,Failed
393,393,2023-05-27,Completed
394,394,2023-08-21,Completed
395,395,2023-10-24,Completed
396,396,2023-11-16,Pending
397,397,2023-06-08,Completed
398,398,2022-04-22,Completed
399,399,2022-08-27,Completed
400,400,2022-02-24,Completed
401,401,2022-01-28,Completed
402,402,2023-11-29,Completed
403,403,2023-10-03,Completed
404,404,2023-06-19,Refunded
405,405,2022-07-26,Completed
406,406,2023-06-01,Completed
407,407,2023-07-09,Pending
408,408,2022-02-03,Completed
409,409,2022-11-21,Completed
410,410,2022-02-06,Completed
411,411,2022-11-07,Completed
412,412,2023-03-18,Completed
413,413,2023-05-16,Completed
414,414,2023-05-20,Completed
415,415,2023-08-10,Completed
416,416,2022-06-10,Completed
417,417,2023-05-23,Completed
418,418,2022-12-28,Completed
419,419,2022-01-30,Completed
420,420,2023-01-11,Completed
421,421,2023-10-04,Completed
422,422,2022-12-22,Completed
423,423,2023-11-09,Completed
424,424,2022-11-18,Refunded
425,425,2022-03-09,Completed
426,426,2022-06-24,Completed
427,427,2023-04-19,Completed
428,428,2023-03-10,Completed
429,429,2023-08-26,Completed
430,430,2023-02-04,Completed
431,431,2023-05-18,Completed
432,432,2022-12-12,Failed
433,433,2023-11-15,Completed
434,434,2023-01-08,Completed
435,435,2023-10-15,Failed
436,436,2023-07-04,Completed
437,437,2022-11-01,Failed
438,438,2023-10-03,Completed
439,439,2023-08-17,Completed
440,440,2022-03-12,Completed
441,441,2022-08-04,Completed
442,442,2022-11-06,Completed
443,443,2023-07-07,Completed
444,444,2022-09-17,Completed
445,445,2023-07-15,Completed
446,446,2023-06-15,Completed
447,447,2022-08-08,Pending
448,448,2022-10-03,Completed
449,449,2023-09-22,Refunded
450,450,2023-08-05,Completed
451,451,2022-07-25,Completed
452,452,2022-06-05,Completed
453,453,2023-03-24,Refunded
454,454,2022-03-08,Refunded
455,455,2022-10-02,Completed
456,456,2022-09-20,Completed
457,457,2022-09-04,Completed
458,458,2022-09-11,Completed
459,459,2023-07-30,Completed
460,460,2022-02-08,Completed
461,461,2022-01-30,Completed
462,462,2022-07-02,Pending
463,463,2023-05-15,Completed
464,464,2022-03-28,Completed
465,465,2022-03-09,Refunded
466,466,2023-11-21,Completed
467,467,2022-05-24,Completed
468,468,2023-05-28,Completed
469,469,2023-08-18,Pending
470,470,2022-09-15,Completed
471,471,2022-05-08,Completed
472,472,2023-08-23,Refunded
473,473,2022-08-30,Completed
474,474,2022-04-21,Pending
475,475,2023-03-29,Refunded
476,476,2022-02-28,Completed
477,477,2022-04-28,Completed
478,478,2023-12-01,Refunded
479,479,2022-05-29,Completed
480,480,2022-11-14,Pending
481,481,2023-09-15,Completed
482,482,2022-02-25,Completed
483,483,2023-07-22,Completed
484,484,2023-12-20,Completed
485,485,2022-08-31,Completed
486,486,2023-02-08,Completed
487,487,2022-08-30,Refunded
488,488,2022-06-15,Completed
489,489,2023-10-24,Completed
490,490,2022-03-26,Pending
491,491,2023-04-29,Refunded
492,492,2022-12-09,Refunded
493,493,2022-04-13,Completed
494,494,2023-06-04,Completed
495,495,2023-07-17,Completed
496,496,2022-01-29,Completed
497,497,2022-07-09,Failed
498,498,2022-05-22,Completed
499,499,2022-11-09,Completed
500,500,2022-06-11,Completed
501,501,2023-10-28,Refunded
502,502,2023-12-04,Completed
503,503,2022-05-17,Completed
504,504,2022-12-02,Completed
505,505,2023-03-03,Completed
506,506,2023-01-22,Completed
507,507,2022-01-25,Completed
508,508,2023-10-05,Pending
509,509,2022-07-24,Refunded
510,510,2022-02-21,Completed
511,511,2022-09-25,Pending
512,512,2022-06-26,Completed
513,513,2023-06-25,Refunded
514,514,2023-04-10,Completed
515,515,2022-08-20,Completed
516,516,2022-09-30,Completed
517,517,2022-05-16,Completed
518,518,2022-10-17,Completed
519,519,2022-07-05,Completed
520,520,2022-09-26,Completed
521,521,2022-09-13,Completed
522,522,2023-04-16,Completed
523,523,2022-11-30,Completed
524,524,2022-08-06,Completed
525,525,2023-09-04,Completed
526,526,2022-03-02,Pending
527,527,2023-04-30,Pending
528,528,2023-11-19,Completed
529,529,2022-02-17,Completed
530,530,2023-01-27,Completed
531,531,2022-05-18,Completed
532,532,2022-07-05,Completed
533,533,2022-12-16,Completed
534,534,2022-11-23,Completed
535,535,2022-09-25,Completed
536,536,2022-05-13,Completed
537,537,2023-03-18,Completed
538,538,2022-09-29,Completed
539,539,2022-06-20,Pending
540,540,2022-06-05,Completed
541,541,2023-03-27,Completed
542,542,2022-08-25,Completed
543,543,2022-06-18,Completed
544,544,2023-05-23,Completed
545,545,2023-12-30,Completed
546,546,2022-04-27,Refunded
547,547,2022-05-08,Completed
548,548,2022-10-19,Completed
549,549,2022-10-07,Completed
550,550,2023-08-22,Completed
551,551,2023-08-08,Refunded
552,552,2022-09-10,Completed
553,553,2022-12-04,Completed
554,554,2023-11-29,Completed
555,555,2022-04-21,Completed
556,556,2022-03-25,Completed
557,557,2023-04-11,Completed
558,558,2022-01-07,Completed
559,559,2023-04-10,Pending
560,560,2023-08-06,Refunded
561,561,2023-10-22,Failed
562,562,2022-03-16,Completed
563,563,2023-02-13,Completed
564,564,2023-02-15,Refunded
565,565,2022-06-16,Completed
566,566,2023-10-25,Completed
567,567,2022-11-03,Completed
568,568,2022-11-16,Completed
569,569,2023-01-05,Failed
570,570,2023-06-11,Completed
571,571,2023-02-04,Completed
572,572,2023-03-10,Completed
573,573,2023-01-14,Completed
574,574,2023-03-13,Completed
575,575,2023-04-22,Completed
576,576,2022-06-10,Completed
577,577,2023-10-27,Completed
578,578,2023-03-26,Completed
579,579,2022-05-12,Failed
580,580,2023-06-21,Completed
581,581,2023-07-19,Completed
582,582,2023-06-09,Completed
583,583,2023-11-08,Refunded
584,584,2022-12-30,Completed
585,585,2023-06-01,Completed
586,586,2023-04-19,Failed
587,587,2022-02-17,Refunded
588,588,2022-11-03,Completed
589,589,2023-11-20,Refunded
590,590,2022-12-17,Completed
591,591,2022-03-23,Completed
592,592,2023-11-22,Completed
593,593,2022-01-06,Completed
594,594,2023-11-05,Completed
595,595,2023-11-06,Completed
596,596,2023-05-15,Refunded
597,597,2023-09-26,Completed
598,598,2023-12-08,Failed
599,599,2022-04-02,Completed
600,600,2022-04-27,Completed
601,601,2022-07-12,Completed
602,602,2023-10-28,Completed
603,603,2023-10-04,Completed
604,604,2022-11-06,Completed
605,605,2023-03-10,Completed
606,606,2022-06-08,Completed
607,607,2023-05-12,Refunded
608,608,2023-08-24,Completed
609,609,2023-02-07,Completed
610,610,2023-10-08,Completed
611,611,2023-03-03,Completed
612,612,2023-09-05,Pending
613,613,2022-02-09,Completed
614,614,2023-08-29,Pending
615,615,2023-05-15,Completed
616,616,2022-01-21,Completed
617,617,2022-03-07,Completed
618,618,2023-05-01,Completed
619,619,2023-10-25,Completed
620,620,2022-01-23,Completed
621,621,2023-04-26,Completed
622,622,2022-08-15,Completed
623,623,2023-09-11,Completed
624,624,2022-05-15,Completed
625,625,2023-02-06,Failed
626,626,2023-11-21,Completed
627,627,2023-04-29,Completed
628,628,2022-10-19,Completed
629,629,2023-05-11,Completed
630,630,2023-09-13,Refunded
631,631,2023-05-21,Completed
632,632,2022-02-20,Refunded
633,633,2023-01-03,Completed
634,634,2023-06-01,Completed
635,635,2022-04-27,Completed
636,636,2022-08-20,Pending
637,637,2023-01-01,Refunded
638,638,2023-07-25,Refunded
639,639,2023-06-12,Completed
640,640,2022-02-23,Refunded
641,641,2022-04-24,Refunded
642,642,2023-09-19,Failed
643,643,2022-02-12,Completed
644,644,2022-05-01,Refunded
645,645,2022-06-11,Completed
646,646,2023-06-05,Refunded
647,647,2022-06-09,Completed
648,648,2022-05-23,Completed
649,649,2023-03-04,Completed
650,650,2023-05-02,Completed
651,651,2022-03-30,Completed
652,652,2023-03-02,Completed
653,653,2022-06-06,Completed
654,654,2022-08-24,Completed
655,655,2023-02-25,Pending
656,656,2023-06-13,Completed
657,657,2022-02-02,Refunded
658,658,2023-06-15,Completed
659,659,2022-11-19,Completed
660,660,2022-03-05,Completed
661,661,2023-10-21,Completed
662,662,2023-10-11,Refunded
663,663,2022-10-30,Refunded
664,664,2023-12-21,Completed
665,665,2022-11-19,Completed
666,666,2022-10-15,Completed
667,667,2022-06-02,Completed
668,668,2022-07-30,Completed
669,669,2023-09-28,Completed
670,670,2023-10-28,Completed
671,671,2022-11-06,Completed
672,672,2023-02-05,Completed
673,673,2022-05-11,Completed
674,674,2022-04-08,Completed
675,675,2022-12-16,Completed
676,676,2022-01-30,Completed
677,677,2022-09-05,Completed
678,678,2023-03-11,Completed
679,679,2023-01-18,Completed
680,680,2022-05-07,Completed
681,681,2022-05-08,Completed
682,682,2022-01-08,Pending
683,683,2023-08-19,Refunded
684,684,2023-10-07,Refunded
685,685,2022-08-28,Completed
686,686,2023-08-11,Completed
687,687,2023-06-18,Completed
688,688,2023-06-13,Refunded
689,689,2023-01-07,Completed
690,690,2023-03-14,Completed
691,691,2022-03-07,Completed
692,692,2023-04-02,Completed
693,693,2023-02-17,Completed
694,694,2023-02-11,Completed
695,695,2023-10-16,Completed
696,696,2023-05-17,Refunded
697,697,2022-05-28,Completed
698,698,2023-04-16,Completed
699,699,2023-06-28,Completed
700,700,2023-05-01,Completed
701,701,2023-07-28,Completed
702,702,2023-02-24,Completed
703,703,2022-10-26,Completed
704,704,2023-01-18,Completed
705,705,2023-05-14,Completed
706,706,2023-08-27,Pending
707,707,2022-11-09,Completed
708,708,2023-05-17,Completed
709,709,2022-03-13,Completed
710,710,2023-08-10,Completed
711,711,2022-12-12,Completed
712,712,2023-09-15,Completed
713,713,2023-10-16,Completed
714,714,2023-04-07,Completed
715,715,2023-10-04,Completed
716,716,2022-08-28,Completed
717,717,2022-02-18,Refunded
718,718,2022-10-13,Refunded
719,719,2023-12-26,Completed
720,720,2023-12-28,Completed
721,721,2023-10-24,Completed
722,722,2023-09-27,Completed
723,723,2023-08-09,Completed
724,724,2023-06-01,Completed
725,725,2023-06-29,Completed
726,726,2022-07-31,Refunded
727,727,2023-08-19,Refunded
728,728,2023-09-14,Completed
729,729,2023-05-19,Completed
730,730,2022-07-05,Refunded
731,731,2022-11-21,Completed
732,732,2022-04-13,Completed
733,733,2022-07-07,Completed
734,734,2022-11-11,Completed
735,735,2022-03-02,Completed
736,736,2022-03-02,Completed
737,737,2022-05-28,Completed
738,738,2022-05-05,Completed
739,739,2023-09-05,Completed
740,740,2023-06-03,Completed
741,741,2022-11-24,Completed
742,742,2023-05-12,Completed
743,743,2022-01-21,Pending
744,744,2023-11-23,Completed
745,745,2023-10-30,Completed
746,746,2023-02-22,Refunded
747,747,2023-05-29,Completed
748,748,2022-06-24,Completed
749,749,2023-03-10,Completed
750,750,2022-01-04,Pending
751,751,2023-09-28,Pending
752,752,2022-01-03,Completed
753,753,2022-09-14,Completed
754,754,2022-12-28,Completed
755,755,2023-06-07,Completed
756,756,2023-07-01,Completed
757,757,2023-02-10,Refunded
758,758,2023-07-26,Completed
759,759,2023-06-01,Refunded
760,760,2022-12-18,Pending
761,761,2023-12-28,Completed
762,762,2022-11-28,Completed
763,763,2023-09-08,Refunded
764,764,2022-05-17,Completed
765,765,2022-01-07,Completed
766,766,2023-03-01,Completed
767,767,2023-02-07,Refunded
768,768,2023-10-27,Completed
769,769,2023-11-21,Completed
770,770,2023-01-23,Completed
771,771,2022-07-02,Refunded
772,772,2022-01-10,Completed
773,773,2022-07-17,Completed
774,774,2022-01-22,Completed
775,775,2023-12-30,Completed
776,776,2023-09-21,Failed
777,777,2022-08-17,Pending
778,778,2022-02-08,Refunded
779,779,2023-12-25,Completed
780,780,2023-10-17,Refunded
781,781,2023-08-07,Completed
782,782,2022-07-18,Completed
783,783,2023-11-30,Completed
784,784,2023-08-28,Completed
785,785,2022-09-24,Refunded
786,786,2023-06-21,Completed
787,787,2023-11-28,Completed
788,788,2023-09-23,Completed
789,789,2023-04-11,Completed
790,790,2023-10-28,Completed
791,791,2023-02-22,Completed
792,792,2023-04-23,Completed
793,793,2022-02-15,Completed
794,794,2022-10-14,Completed
795,795,2022-11-21,Completed
796,796,2022-03-26,Failed
797,797,2022-08-21,Pending
798,798,2022-09-15,Completed
799,799,2022-03-07,Completed
800,800,2023-05-07,Completed
801,801,2023-10-04,Failed
802,802,2022-09-13,Completed
803,803,2022-12-17,Refunded
804,804,2023-06-17,Pending
805,805,2023-09-08,Completed
806,806,2023-10-04,Completed
807,807,2022-03-05,Completed
808,808,2023-12-12,Completed
809,809,2023-03-29,Completed
810,810,2023-03-19,Completed
811,811,2023-07-27,Failed
812,812,2023-02-18,Completed
813,813,2022-08-28,Refunded
814,814,2023-10-01,Completed
815,815,2023-03-16,Completed
816,816,2022-12-16,Refunded
817,817,2023-04-10,Completed
818,818,2022-04-23,Completed
819,819,2022-03-12,Refunded
820,820,2022-05-12,Completed
821,821,2023-03-10,Completed
822,822,2022-07-10,Failed
823,823,2022-03-05,Completed
824,824,2023-06-12,Completed
825,825,2022-11-17,Refunded
826,826,2022-06-02,Completed
827,827,2022-10-27,Completed
828,828,2023-11-05,Completed
829,829,2023-06-05,Refunded
830,830,2023-03-09,Pending
831,831,2023-10-20,Refunded
832,832,2022-12-17,Completed
833,833,2023-12-12,Completed
834,834,2023-08-18,Completed
835,835,2023-03-06,Completed
836,836,2022-02-15,Refunded
837,837,2023-10-19,Completed
838,838,2023-10-03,Completed
839,839,2022-12-06,Completed
840,840,2023-02-15,Completed
841,841,2022-03-17,Completed
842,842,2022-05-28,Completed
843,843,2023-08-25,Completed
844,844,2022-02-01,Completed
845,845,2022-08-15,Completed
846,846,2022-12-14,Completed
847,847,2022-07-21,Refunded
848,848,2022-04-16,Completed
849,849,2023-11-03,Completed
850,850,2022-08-05,Completed
851,851,2023-01-18,Pending
852,852,2023-10-03,Refunded
853,853,2022-03-09,Refunded
854,854,2022-05-16,Completed
855,855,2023-01-24,Completed
856,856,2023-03-18,Refunded
857,857,2023-09-25,Refunded
858,858,2022-10-31,Completed
859,859,2022-02-26,Refunded
860,860,2023-06-05,Refunded
861,861,2022-08-05,Refunded
862,862,2023-11-11,Completed
863,863,2023-02-02,Completed
864,864,2023-01-21,Completed
865,865,2022-11-27,Completed
866,866,2023-05-10,Completed
867,867,2023-08-21,Refunded
868,868,2023-08-23,Completed
869,869,2022-07-29,Completed
870,870,2022-11-10,Completed
871,871,2023-01-20,Completed
872,872,2022-03-30,Completed
873,873,2022-08-26,Completed
874,874,2023-10-01,Completed
875,875,2023-03-19,Refunded
876,876,2022-11-23,Completed
877,877,2023-03-30,Completed
878,878,2023-01-04,Completed
879,879,2023-05-29,Completed
880,880,2022-10-13,Completed
881,881,2022-03-16,Completed
882,882,2022-12-08,Completed
883,883,2022-11-08,Completed
884,884,2022-10-10,Completed
885,885,2022-05-22,Completed
886,886,2023-07-13,Completed
887,887,2022-11-03,Refunded
888,888,2023-02-19,Failed
889,889,2023-11-05,Completed
890,890,2022-06-02,Completed
891,891,2022-08-04,Completed
892,892,2023-07-20,Completed
893,893,2023-04-18,Completed
894,894,2022-07-13,Pending
895,895,2023-03-05,Completed
896,896,2023-07-26,Completed
897,897,2022-05-12,Completed
898,898,2023-11-07,Completed
899,899,2023-03-06,Completed
900,900,2023-12-09,Completed
901,901,2022-01-24,Refunded
902,902,2022-06-08,Completed
903,903,2023-09-12,Completed
904,904,2023-02-06,Pending
905,905,2022-03-08,Completed
906,906,2022-04-23,Pending
907,907,2023-10-18,Completed
908,908,2022-04-17,Completed
909,909,2023-12-08,Completed
910,910,2022-07-23,Completed
911,911,2022-08-28,Completed
912,912,2023-04-11,Completed
913,913,2022-06-25,Completed
914,914,2022-04-25,Completed
915,915,2022-03-14,Completed
916,916,2022-08-01,Refunded
917,917,2023-11-12,Completed
918,918,2022-11-15,Completed
919,919,2023-12-04,Completed
920,920,2022-05-27,Refunded
921,921,2023-09-12,Completed
922,922,2023-08-07,Completed
923,923,2023-08-14,Completed
924,924,2023-10-24,Completed
925,925,2024-01-01,Completed
926,926,2022-06-30,Completed
927,927,2023-09-25,Completed
928,928,2023-11-08,Completed
929,929,2023-02-09,Completed
930,930,2022-06-13,Completed
931,931,2023-11-14,Completed
932,932,2022-08-13,Completed
933,933,2023-07-22,Completed
934,934,2022-04-18,Failed
935,935,2023-02-25,Completed
936,936,2023-06-05,Completed
937,937,2023-10-18,Completed
938,938,2023-01-27,Completed
939,939,2022-07-20,Completed
940,940,2022-04-28,Completed
941,941,2023-04-21,Completed
942,942,2023-07-17,Completed
943,943,2023-03-25,Failed
944,944,2022-06-17,Completed
945,945,2022-07-02,Completed
946,946,2023-02-06,Completed
947,947,2022-01-12,Completed
948,948,2023-01-02,Completed
949,949,2023-11-24,Completed
950,950,2022-02-20,Failed
951,951,2023-10-21,Completed
952,952,2022-04-16,Completed
953,953,2022-02-24,Completed
954,954,2023-01-24,Refunded
955,955,2023-01-20,Completed
956,956,2022-01-18,Pending
957,957,2022-12-13,Completed
958,958,2022-03-07,Failed
959,959,2023-11-13,Completed
960,960,2023-03-03,Failed
961,961,2022-11-28,Completed
962,962,2022-08-02,Completed
963,963,2023-03-16,Completed
964,964,2023-01-03,Completed
965,965,2023-11-01,Completed
966,966,2023-04-17,Completed
967,967,2022-10-13,Completed
968,968,2022-03-12,Completed
969,969,2023-09-06,Completed
970,970,2023-08-07,Pending
971,971,2023-09-09,Completed
972,972,2023-11-26,Completed
973,973,2022-12-08,Completed
974,974,2023-12-08,Completed
975,975,2022-12-10,Refunded
976,976,2023-04-06,Completed
977,977,2022-08-29,Completed
978,978,2022-01-16,Completed
979,979,2022-05-09,Completed
980,980,2022-09-07,Completed
981,981,2023-01-21,Completed
982,982,2023-01-20,Completed
983,983,2023-09-06,Completed
984,984,2022-12-03,Completed
985,985,2022-02-10,Completed
986,986,2022-10-24,Completed
987,987,2022-12-06,Completed
988,988,2022-02-27,Pending
989,989,2023-12-07,Completed
990,990,2023-01-27,Completed
991,991,2023-10-07,Refunded
992,992,2022-03-13,Completed
993,993,2022-05-25,Completed
994,994,2022-06-27,Failed
995,995,2022-07-31,Completed
996,996,2023-04-25,Completed
997,997,2022-09-09,Completed
998,998,2022-11-08,Completed
999,999,2023-10-14,Refunded
1000,1000,2023-05-09,Completed
1001,1001,2022-06-22,Completed
1002,1002,2023-09-18,Completed
1003,1003,2023-05-11,Completed
1004,1004,2022-03-27,Completed
1005,1005,2022-06-07,Completed
1006,1006,2023-01-25,Completed
1007,1007,2023-01-22,Completed
1008,1008,2022-12-10,Completed
1009,1009,2022-06-08,Completed
1010,1010,2023-05-29,Completed
1011,1011,2023-02-19,Pending
1012,1012,2023-01-20,Completed
1013,1013,2023-08-28,Refunded
1014,1014,2022-05-08,Completed
1015,1015,2023-03-25,Refunded
1016,1016,2022-12-25,Completed
1017,1017,2023-12-08,Completed
1018,1018,2023-01-30,Completed
1019,1019,2022-09-07,Refunded
1020,1020,2023-01-06,Completed
1021,1021,2023-12-18,Completed
1022,1022,2023-09-12,Completed
1023,1023,2022-09-13,Pending
1024,1024,2022-06-17,Refunded
1025,1025,2023-10-22,Completed
1026,1026,2023-08-25,Completed
1027,1027,2022-07-15,Completed
1028,1028,2023-03-16,Completed
1029,1029,2023-06-30,Completed
1030,1030,2023-02-27,Refunded
1031,1031,2022-04-24,Failed
1032,1032,2022-12-19,Completed
1033,1033,2022-08-05,Completed
1034,1034,2022-11-12,Refunded
1035,1035,2022-01-03,Failed
1036,1036,2023-03-04,Completed
1037,1037,2023-03-18,Completed
1038,1038,2023-12-22,Completed
1039,1039,2023-05-31,Completed
1040,1040,2022-08-07,Completed
1041,1041,2022-07-09,Completed
1042,1042,2023-02-25,Refunded
1043,1043,2022-04-24,Completed
1044,1044,2022-10-29,Completed
1045,1045,2022-03-08,Completed
1046,1046,2023-05-06,Completed
1047,1047,2022-01-11,Completed
1048,1048,2022-01-09,Failed
1049,1049,2022-02-13,Completed
1050,1050,2022-01-08,Completed
1051,1051,2022-10-01,Completed
1052,1052,2022-12-12,Completed
1053,1053,2023-11-30,Pending
1054,1054,2022-09-04,Completed
1055,1055,2023-01-23,Pending
1056,1056,2022-12-07,Completed
1057,1057,2023-12-18,Refunded
1058,1058,2022-05-24,Completed
1059,1059,2023-06-28,Completed
1060,1060,2022-09-13,Completed
1061,1061,2023-11-06,Completed
1062,1062,2023-11-10,Pending
1063,1063,2022-11-27,Completed
1064,1064,2022-02-16,Completed
1065,1065,2023-04-02,Completed
1066,1066,2023-09-21,Completed
1067,1067,2023-05-05,Refunded
1068,1068,2023-01-31,Completed
1069,1069,2022-05-28,Refunded
1070,1070,2023-06-02,Completed
1071,1071,2022-03-31,Pending
1072,1072,2023-04-24,Pending
1073,1073,2023-05-09,Completed
1074,1074,2022-08-06,Pending
1075,1075,2023-12-20,Completed
1076,1076,2022-02-01,Refunded
1077,1077,2022-10-17,Completed
1078,1078,2023-05-05,Completed
1079,1079,2022-05-22,Completed
1080,1080,2023-05-21,Completed
1081,1081,2022-08-19,Completed
1082,1082,2023-09-10,Completed
1083,1083,2023-01-26,Refunded
1084,1084,2023-03-26,Completed
1085,1085,2022-04-30,Completed
1086,1086,2022-12-17,Pending
1087,1087,2022-04-29,Completed
1088,1088,2022-11-18,Completed
1089,1089,2022-01-02,Completed
1090,1090,2022-07-15,Pending
1091,1091,2022-11-25,Failed
1092,1092,2022-05-10,Completed
1093,1093,2022-08-17,Completed
1094,1094,2023-04-19,Failed
1095,1095,2022-11-01,Completed
1096,1096,2023-04-14,Completed
1097,1097,2023-11-14,Completed
1098,1098,2022-11-24,Pending
1099,1099,2022-05-08,Completed
1100,1100,2023-10-09,Completed
1101,1101,2023-12-24,Completed
1102,1102,2022-12-10,Completed
1103,1103,2022-08-20,Completed
1104,1104,2022-07-05,Completed
1105,1105,2022-11-04,Refunded
1106,1106,2022-06-13,Completed
1107,1107,2023-03-11,Pending
1108,1108,2023-02-05,Completed
1109,1109,2022-10-18,Refunded
1110,1110,2023-12-21,Completed
1111,1111,2022-05-16,Refunded
1112,1112,2022-02-25,Completed
1113,1113,2023-11-02,Completed
1114,1114,2023-12-14,Refunded
1115,1115,2022-08-04,Completed
1116,1116,2023-10-29,Completed
1117,1117,2023-08-14,Refunded
1118,1118,2022-06-02,Completed
1119,1119,2022-06-24,Completed
1120,1120,2023-05-03,Completed
1121,1121,2023-06-12,Completed
1122,1122,2022-06-04,Completed
1123,1123,2022-02-04,Completed
1124,1124,2022-11-08,Pending
1125,1125,2023-11-01,Refunded
1126,1126,2023-11-20,Failed
1127,1127,2023-10-28,Completed
1128,1128,2023-04-01,Completed
1129,1129,2022-03-27,Completed
1130,1130,2023-06-07,Completed
1131,1131,2023-08-10,Completed
1132,1132,2022-04-08,Completed
1133,1133,2023-05-12,Completed
1134,1134,2023-08-11,Completed
1135,1135,2023-07-06,Failed
1136,1136,2022-01-22,Failed
1137,1137,2023-06-29,Completed
1138,1138,2023-08-23,Refunded
1139,1139,2023-10-30,Completed
1140,1140,2023-11-06,Completed
1141,1141,2023-09-06,Completed
1142,1142,2023-04-03,Completed
1143,1143,2022-05-14,Completed
1144,1144,2022-04-01,Refunded
1145,1145,2022-02-06,Completed
1146,1146,2023-01-08,Completed
1147,1147,2023-11-07,Completed
1148,1148,2023-06-18,Completed
1149,1149,2023-04-03,Completed
1150,1150,2022-11-17,Completed
1151,1151,2023-06-07,Completed
1152,1152,2022-02-15,Completed
1153,1153,2022-11-04,Pending
1154,1154,2023-09-11,Completed
1155,1155,2022-10-14,Completed
1156,1156,2022-03-18,Completed
1157,1157,2023-10-28,Completed
1158,1158,2022-03-29,Completed
1159,1159,2023-12-15,Completed
1160,1160,2023-10-08,Pending
1161,1161,2023-12-15,Completed
1162,1162,2023-08-03,Refunded
1163,1163,2023-09-12,Refunded
1164,1164,2022-11-20,Completed
1165,1165,2023-09-12,Completed
1166,1166,2023-06-30,Completed
1167,1167,2022-03-11,Completed
1168,1168,2022-12-10,Completed
1169,1169,2022-08-22,Completed
1170,1170,2022-08-18,Failed
1171,1171,2022-05-07,Completed
1172,1172,2022-11-11,Completed
1173,1173,2022-12-26,Refunded
1174,1174,2023-07-19,Completed
1175,1175,2022-02-20,Pending
1176,1176,2023-02-05,Failed
1177,1177,2023-11-26,Completed
1178,1178,2023-02-19,Completed
1179,1179,2022-01-10,Completed
1180,1180,2023-11-07,Completed
1181,1181,2022-10-01,Completed
1182,1182,2023-01-16,Completed
1183,1183,2023-09-18,Completed
1184,1184,2023-03-28,Completed
1185,1185,2022-10-12,Completed
1186,1186,2022-08-25,Refunded
1187,1187,2022-11-09,Completed
1188,1188,2022-04-04,Completed
1189,1189,2022-09-05,Completed
1190,1190,2022-03-02,Completed
1191,1191,2023-05-20,Pending
1192,1192,2023-03-13,Pending
1193,1193,2022-05-20,Completed
1194,1194,2023-11-26,Completed
1195,1195,2023-02-20,Completed
1196,1196,2022-01-08,Completed
1197,1197,2022-12-20,Completed
1198,1198,2023-06-26,Completed
1199,1199,2023-04-07,Completed
1200,1200,2023-06-21,Completed
1201,1201,2023-01-12,Completed
1202,1202,2022-02-22,Completed
1203,1203,2023-01-20,Completed
1204,1204,2023-11-29,Refunded
1205,1205,2022-05-01,Completed
1206,1206,2022-10-01,Completed
1207,1207,2023-08-08,Refunded
1208,1208,2023-10-21,Pending
1209,1209,2023-09-26,Completed
1210,1210,2022-01-08,Completed
1211,1211,2022-12-31,Completed
1212,1212,2022-07-10,Completed
1213,1213,2023-03-19,Completed
1214,1214,2023-06-13,Completed
1215,1215,2023-05-17,Completed
1216,1216,2022-09-16,Completed
1217,1217,2022-11-05,Refunded
1218,1218,2023-07-05,Completed
1219,1219,2023-03-28,Completed
1220,1220,2022-12-31,Completed
1221,1221,2023-12-28,Completed
1222,1222,2022-02-13,Completed
1223,1223,2022-12-06,Completed
1224,1224,2022-07-23,Pending
1225,1225,2022-09-30,Completed
1226,1226,2023-05-23,Completed
1227,1227,2022-11-29,Refunded
1228,1228,2023-02-16,Refunded
1229,1229,2023-02-04,Pending
1230,1230,2022-01-24,Completed
1231,1231,2022-01-15,Completed
1232,1232,2023-11-27,Completed
1233,1233,2023-09-04,Completed
1234,1234,2022-10-24,Completed
1235,1235,2023-03-18,Completed
1236,1236,2023-06-08,Completed
1237,1237,2022-04-28,Pending
1238,1238,2022-09-12,Completed
1239,1239,2023-12-26,Completed
1240,1240,2023-05-31,Completed
1241,1241,2023-08-30,Completed
1242,1242,2022-05-05,Completed
1243,1243,2022-07-16,Completed
1244,1244,2023-09-26,Refunded
1245,1245,2023-01-25,Completed
1246,1246,2023-10-11,Completed
1247,1247,2023-05-08,Completed
1248,1248,2022-02-24,Completed
1249,1249,2022-10-17,Completed
1250,1250,2022-09-12,Completed
1251,1251,2022-01-02,Completed
1252,1252,2022-08-08,Completed
1253,1253,2023-09-16,Completed
1254,1254,2023-05-19,Completed
1255,1255,2022-04-11,Completed
1256,1256,2022-05-14,Completed
1257,1257,2023-01-06,Completed
1258,1258,2023-09-13,Completed
1259,1259,2022-08-05,Completed
1260,1260,2022-04-21,Completed
1261,1261,2022-05-06,Pending
1262,1262,2023-11-04,Completed
1263,1263,2023-04-03,Completed
1264,1264,2023-07-16,Completed
1265,1265,2023-05-03,Completed
1266,1266,2022-06-09,Completed
1267,1267,2023-07-19,Refunded
1268,1268,2023-07-30,Refunded
1269,1269,2023-04-05,Completed
1270,1270,2023-03-23,Completed
1271,1271,2023-06-01,Completed
1272,1272,2022-10-08,Completed
1273,1273,2023-08-05,Completed
1274,1274,2023-02-12,Completed
1275,1275,2023-06-10,Completed
1276,1276,2023-06-06,Failed
1277,1277,2023-02-15,Completed
1278,1278,2022-01-06,Completed
1279,1279,2023-12-16,Completed
1280,1280,2023-12-28,Completed
1281,1281,2022-08-15,Completed
1282,1282,2022-05-03,Completed
1283,1283,2022-09-02,Completed
1284,1284,2022-10-14,Completed
1285,1285,2022-02-23,Pending
1286,1286,2022-08-05,Completed
1287,1287,2022-12-24,Pending
1288,1288,2022-11-29,Refunded
1289,1289,2022-09-29,Completed
1290,1290,2023-09-20,Pending
1291,1291,2023-10-04,Refunded
1292,1292,2022-08-15,Completed
1293,1293,2022-01-19,Pending
1294,1294,2023-08-21,Completed
1295,1295,2023-01-27,Completed
1296,1296,2023-10-04,Completed
1297,1297,2023-03-30,Completed
1298,1298,2023-08-21,Completed
1299,1299,2023-04-04,Completed
1300,1300,2023-01-14,Completed
1301,1301,2022-07-05,Refunded
1302,1302,2022-06-30,Completed
1303,1303,2022-07-06,Completed
1304,1304,2022-06-18,Refunded
1305,1305,2023-12-06,Completed
1306,1306,2022-03-17,Completed
1307,1307,2023-10-23,Completed
1308,1308,2023-06-25,Completed
1309,1309,2022-01-14,Completed
1310,1310,2022-01-23,Completed
1311,1311,2023-10-22,Completed
1312,1312,2022-03-29,Pending
1313,1313,2023-09-08,Pending
1314,1314,2022-04-19,Refunded
1315,1315,2023-12-26,Completed
1316,1316,2023-07-31,Failed
1317,1317,2022-11-11,Completed
1318,1318,2022-02-27,Completed
1319,1319,2023-07-12,Failed
1320,1320,2022-04-17,Completed
1321,1321,2023-03-04,Refunded
1322,1322,2022-01-27,Completed
1323,1323,2022-12-29,Completed
1324,1324,2023-12-03,Refunded
1325,1325,2022-04-27,Pending
1326,1326,2022-08-18,Completed
1327,1327,2023-09-23,Completed
1328,1328,2022-03-29,Completed
1329,1329,2022-07-02,Completed
1330,1330,2022-07-05,Completed
1331,1331,2023-11-17,Completed
1332,1332,2022-10-23,Completed
1333,1333,2023-05-28,Pending
1334,1334,2023-12-31,Refunded
1335,1335,2022-06-03,Completed
1336,1336,2022-06-02,Completed
1337,1337,2023-05-07,Completed
1338,1338,2023-03-15,Completed
1339,1339,2022-04-03,Completed
1340,1340,2023-02-01,Completed
1341,1341,2023-05-10,Completed
1342,1342,2023-10-14,Refunded
1343,1343,2023-11-03,Completed
1344,1344,2023-07-17,Completed
1345,1345,2023-07-02,Completed
1346,1346,2023-08-18,Completed
1347,1347,2023-12-13,Completed
1348,1348,2022-03-31,Completed
1349,1349,2022-01-20,Completed
1350,1350,2022-05-17,Completed
1351,1351,2022-12-25,Refunded
1352,1352,2022-10-31,Refunded
1353,1353,2023-07-19,Completed
1354,1354,2022-08-20,Completed
1355,1355,2023-12-16,Completed
1356,1356,2022-01-28,Completed
1357,1357,2023-12-22,Completed
1358,1358,2023-05-06,Refunded
1359,1359,2022-02-01,Completed
1360,1360,2022-09-10,Completed
1361,1361,2023-03-05,Completed
1362,1362,2022-05-26,Completed
1363,1363,2022-11-03,Completed
1364,1364,2023-04-02,Completed
1365,1365,2022-10-21,Completed
1366,1366,2023-10-20,Completed
1367,1367,2023-06-01,Completed
1368,1368,2023-03-12,Completed
1369,1369,2022-09-23,Completed
1370,1370,2023-12-29,Pending
1371,1371,2022-10-07,Completed
1372,1372,2022-05-11,Completed
1373,1373,2022-02-27,Completed
1374,1374,2023-07-27,Refunded
1375,1375,2023-04-27,Completed
1376,1376,2023-02-21,Completed
1377,1377,2023-01-17,Completed
1378,1378,2022-04-22,Completed
1379,1379,2022-12-11,Completed
1380,1380,2023-07-10,Completed
1381,1381,2022-01-14,Completed
1382,1382,2022-07-26,Completed
1383,1383,2022-03-29,Completed
1384,1384,2023-05-11,Completed
1385,1385,2022-11-14,Completed
1386,1386,2023-02-14,Completed
1387,1387,2023-02-05,Pending
1388,1388,2023-12-21,Completed
1389,1389,2023-05-31,Refunded
1390,1390,2022-06-04,Failed
1391,1391,2023-05-05,Completed
1392,1392,2022-06-05,Completed
1393,1393,2023-10-05,Completed
1394,1394,2022-08-09,Completed
1395,1395,2022-06-16,Completed
1396,1396,2023-09-18,Pending
1397,1397,2022-12-18,Completed
1398,1398,2023-01-06,Completed
1399,1399,2024-01-01,Completed
1400,1400,2022-08-03,Completed
1401,1401,2022-06-08,Pending
1402,1402,2022-04-11,Completed
1403,1403,2022-11-15,Completed
1404,1404,2023-04-13,Pending
1405,1405,2022-06-15,Completed
1406,1406,2022-12-28,Completed
1407,1407,2023-04-17,Pending
1408,1408,2023-03-31,Pending
1409,1409,2023-08-06,Completed
1410,1410,2022-10-21,Refunded
1411,1411,2023-11-29,Completed
1412,1412,2023-10-03,Completed
1413,1413,2023-11-30,Completed
1414,1414,2023-12-02,Pending
1415,1415,2022-02-28,Completed
1416,1416,2023-07-30,Refunded
1417,1417,2022-10-25,Completed
1418,1418,2022-03-18,Refunded
1419,1419,2023-11-18,Completed
1420,1420,2023-10-21,Completed
1421,1421,2022-07-04,Refunded
1422,1422,2023-02-11,Completed
1423,1423,2022-12-05,Completed
1424,1424,2023-09-12,Completed
1425,1425,2023-05-05,Completed
1426,1426,2023-07-15,Completed
1427,1427,2022-08-08,Completed
1428,1428,2023-09-09,Completed
1429,1429,2023-01-07,Pending
1430,1430,2022-08-07,Refunded
1431,1431,2023-12-03,Completed
1432,1432,2022-07-02,Completed
1433,1433,2023-02-19,Refunded
1434,1434,2023-04-09,Completed
1435,1435,2023-11-17,Completed
1436,1436,2022-02-27,Completed
1437,1437,2022-11-02,Completed
1438,1438,2023-03-08,Completed
1439,1439,2022-06-14,Completed
1440,1440,2023-12-13,Failed
1441,1441,2023-07-29,Completed
1442,1442,2023-11-17,Completed
1443,1443,2023-11-12,Completed
1444,1444,2022-11-21,Refunded
1445,1445,2022-06-01,Completed
1446,1446,2023-11-24,Completed
1447,1447,2022-01-06,Completed
1448,1448,2023-10-17,Completed
1449,1449,2022-08-14,Completed
1450,1450,2023-07-15,Completed
1451,1451,2022-08-12,Pending
1452,1452,2023-11-29,Completed
1453,1453,2023-01-09,Refunded
1454,1454,2023-05-31,Completed
1455,1455,2023-10-29,Completed
1456,1456,2022-12-29,Completed
1457,1457,2022-12-10,Completed
1458,1458,2023-01-19,Completed
1459,1459,2023-07-11,Completed
1460,1460,2023-11-09,Completed
1461,1461,2022-10-19,Pending
1462,1462,2022-04-14,Completed
1463,1463,2022-01-18,Completed
1464,1464,2023-10-02,Completed
1465,1465,2023-04-01,Failed
1466,1466,2023-11-15,Completed
1467,1467,2023-04-13,Completed
1468,1468,2023-04-26,Completed
1469,1469,2023-04-21,Completed
1470,1470,2023-02-12,Failed
1471,1471,2023-06-05,Refunded
1472,1472,2022-09-28,Completed
1473,1473,2022-01-07,Completed
1474,1474,2022-01-27,Refunded
1475,1475,2023-06-16,Completed
1476,1476,2022-12-12,Pending
1477,1477,2022-09-06,Completed
1478,1478,2023-10-24,Failed
1479,1479,2023-08-16,Pending
1480,1480,2023-02-04,Completed
1481,1481,2022-11-22,Completed
1482,1482,2022-04-14,Completed
1483,1483,2023-10-11,Refunded
1484,1484,2023-10-06,Refunded
1485,1485,2022-06-14,Completed
1486,1486,2022-04-07,Completed
1487,1487,2023-09-02,Completed
1488,1488,2023-07-11,Completed
1489,1489,2022-01-26,Completed
1490,1490,2023-04-12,Refunded
1491,1491,2022-07-11,Refunded
1492,1492,2022-11-01,Refunded
1493,1493,2023-01-23,Completed
1494,1494,2022-10-11,Completed
1495,1495,2023-10-16,Completed
1496,1496,2023-09-05,Completed
1497,1497,2022-09-26,Completed
1498,1498,2023-05-22,Refunded
1499,1499,2022-08-02,Completed
1500,1500,2022-01-23,Completed
1501,1501,2023-10-04,Completed
1502,1502,2023-01-21,Completed
1503,1503,2023-04-08,Completed
1504,1504,2022-01-12,Completed
1505,1505,2023-10-09,Completed
1506,1506,2022-12-19,Pending
1507,1507,2023-09-08,Completed
1508,1508,2022-09-19,Completed
1509,1509,2022-02-01,Completed
1510,1510,2022-06-07,Completed
1511,1511,2022-08-13,Completed
1512,1512,2022-03-28,Pending
1513,1513,2022-10-02,Completed
1514,1514,2022-04-05,Completed
1515,1515,2022-10-29,Refunded
1516,1516,2023-03-23,Refunded
1517,1517,2022-09-14,Completed
1518,1518,2022-10-15,Completed
1519,1519,2023-08-26,Refunded
1520,1520,2023-05-16,Completed
1521,1521,2022-10-06,Completed
1522,1522,2023-09-14,Completed
1523,1523,2022-12-30,Refunded
1524,1524,2023-04-06,Pending
1525,1525,2022-09-19,Completed
1526,1526,2023-10-23,Completed
1527,1527,2022-02-02,Refunded
1528,1528,2023-03-18,Completed
1529,1529,2022-03-18,Completed
1530,1530,2022-05-30,Completed
1531,1531,2022-11-25,Completed
1532,1532,2022-08-09,Refunded
1533,1533,2022-08-27,Completed
1534,1534,2023-09-09,Completed
1535,1535,2023-07-31,Completed
1536,1536,2023-11-21,Refunded
1537,1537,2023-03-09,Completed
1538,1538,2022-11-25,Completed
1539,1539,2023-05-22,Pending
1540,1540,2023-03-10,Completed
1541,1541,2023-09-10,Completed
1542,1542,2023-08-16,Completed
1543,1543,2023-08-15,Completed
1544,1544,2023-02-19,Refunded
1545,1545,2022-02-10,Completed
1546,1546,2023-04-28,Completed
1547,1547,2022-10-11,Completed
1548,1548,2022-03-25,Completed
1549,1549,2023-09-22,Completed
1550,1550,2023-04-12,Pending
1551,1551,2022-05-06,Pending
1552,1552,2022-04-17,Completed
1553,1553,2022-01-11,Pending
1554,1554,2023-12-07,Completed
1555,1555,2022-04-03,Refunded
1556,1556,2023-01-15,Pending
1557,1557,2023-12-08,Completed
1558,1558,2022-02-14,Pending
1559,1559,2022-03-20,Completed
1560,1560,2023-01-26,Completed
1561,1561,2022-05-22,Completed
1562,1562,2022-11-25,Completed
1563,1563,2023-03-01,Completed
1564,1564,2023-06-19,Completed
1565,1565,2023-11-09,Completed
1566,1566,2023-05-12,Completed
1567,1567,2022-11-02,Completed
1568,1568,2022-09-06,Completed
1569,1569,2022-07-30,Completed
1570,1570,2023-05-23,Completed
1571,1571,2022-08-11,Completed
1572,1572,2022-04-19,Failed
1573,1573,2023-06-26,Completed
1574,1574,2022-11-18,Completed
1575,1575,2023-06-03,Completed
1576,1576,2023-01-10,Refunded
1577,1577,2023-06-12,Completed
1578,1578,2022-03-13,Completed
1579,1579,2022-11-13,Completed
1580,1580,2022-06-01,Completed
1581,1581,2022-09-05,Completed
1582,1582,2022-02-01,Completed
1583,1583,2022-12-28,Refunded
1584,1584,2022-03-30,Completed
1585,1585,2023-02-12,Completed
1586,1586,2022-02-26,Completed
1587,1587,2022-02-22,Completed
1588,1588,2023-03-09,Completed
1589,1589,2022-07-02,Completed
1590,1590,2023-05-23,Completed
1591,1591,2022-02-23,Pending
1592,1592,2022-08-14,Refunded
1593,1593,2023-08-13,Completed
1594,1594,2022-04-16,Refunded
1595,1595,2023-12-19,Completed
1596,1596,2022-04-16,Failed
1597,1597,2023-12-10,Completed
1598,1598,2022-07-30,Completed
1599,1599,2023-09-04,Completed
1600,1600,2022-07-11,Completed
1601,1601,2022-11-11,Completed
1602,1602,2022-11-20,Completed
1603,1603,2022-12-09,Completed
1604,1604,2022-01-15,Completed
1605,1605,2022-01-24,Refunded
1606,1606,2022-06-24,Refunded
1607,1607,2023-09-03,Completed
1608,1608,2023-05-16,Completed
1609,1609,2022-02-16,Completed
1610,1610,2022-10-27,Completed
1611,1611,2022-06-23,Refunded
1612,1612,2022-04-15,Completed
1613,1613,2023-05-19,Pending
1614,1614,2022-09-21,Completed
1615,1615,2023-04-15,Completed
1616,1616,2022-12-10,Refunded
1617,1617,2023-09-05,Completed
1618,1618,2023-06-16,Completed
1619,1619,2023-02-25,Completed
1620,1620,2022-05-28,Completed
1621,1621,2023-08-16,Pending
1622,1622,2023-01-05,Completed
1623,1623,2023-01-22,Pending
1624,1624,2023-10-05,Refunded
1625,1625,2023-04-07,Completed
1626,1626,2023-11-29,Completed
1627,1627,2023-03-05,Completed
1628,1628,2022-02-12,Completed
1629,1629,2023-09-21,Failed
1630,1630,2023-08-06,Completed
1631,1631,2022-01-11,Completed
1632,1632,2023-11-30,Pending
1633,1633,2023-10-02,Completed
1634,1634,2023-05-15,Refunded
1635,1635,2022-01-18,Completed
1636,1636,2023-09-01,Completed
1637,1637,2022-01-08,Completed
1638,1638,2022-01-01,Completed
1639,1639,2022-10-20,Completed
1640,1640,2023-07-30,Completed
1641,1641,2022-05-29,Completed
1642,1642,2022-03-26,Completed
1643,1643,2023-01-01,Completed
1644,1644,2023-03-09,Refunded
1645,1645,2022-11-06,Completed
1646,1646,2023-03-23,Failed
1647,1647,2022-05-25,Completed
1648,1648,2022-05-21,Completed
1649,1649,2022-11-11,Completed
1650,1650,2023-10-06,Completed
1651,1651,2023-03-24,Completed
1652,1652,2023-12-12,Pending
1653,1653,2023-12-31,Completed
1654,1654,2023-04-25,Completed
1655,1655,2023-07-28,Completed
1656,1656,2022-05-24,Refunded
1657,1657,2023-08-20,Completed
1658,1658,2023-07-12,Refunded
1659,1659,2022-02-26,Completed
1660,1660,2023-11-18,Refunded
1661,1661,2023-06-15,Completed
1662,1662,2022-10-05,Completed
1663,1663,2023-09-01,Completed
1664,1664,2023-12-10,Completed
1665,1665,2023-08-23,Completed
1666,1666,2022-02-25,Completed
1667,1667,2023-08-01,Completed
1668,1668,2023-11-24,Completed
1669,1669,2022-11-15,Refunded
1670,1670,2023-10-03,Completed
1671,1671,2022-01-01,Refunded
1672,1672,2023-06-19,Completed
1673,1673,2023-05-03,Completed
1674,1674,2022-02-27,Completed
1675,1675,2023-05-12,Failed
1676,1676,2023-07-16,Completed
1677,1677,2023-11-07,Completed
1678,1678,2023-10-16,Completed
1679,1679,2023-11-05,Completed
1680,1680,2023-12-20,Completed
1681,1681,2022-10-26,Completed
1682,1682,2023-08-26,Completed
1683,1683,2023-02-05,Refunded
1684,1684,2023-04-23,Completed
1685,1685,2022-10-19,Completed
1686,1686,2022-01-14,Completed
1687,1687,2023-10-31,Completed
1688,1688,2022-02-14,Pending
1689,1689,2023-04-25,Completed
1690,1690,2022-01-11,Completed
1691,1691,2023-05-31,Refunded
1692,1692,2023-06-24,Completed
1693,1693,2023-11-03,Completed
1694,1694,2023-08-01,Completed
1695,1695,2022-05-26,Completed
1696,1696,2023-02-10,Completed
1697,1697,2023-04-30,Completed
1698,1698,2023-12-29,Refunded
1699,1699,2023-06-24,Completed
1700,1700,2023-08-27,Completed
1701,1701,2023-09-27,Completed
1702,1702,2022-02-02,Completed
1703,1703,2022-04-09,Completed
1704,1704,2023-11-29,Completed
1705,1705,2022-09-01,Completed
1706,1706,2023-01-31,Refunded
1707,1707,2022-03-05,Completed
1708,1708,2022-03-16,Completed
1709,1709,2023-10-10,Refunded
1710,1710,2022-11-25,Completed
1711,1711,2022-05-18,Completed
1712,1712,2022-07-20,Completed
1713,1713,2022-10-22,Completed
1714,1714,2023-03-22,Failed
1715,1715,2022-07-18,Completed
1716,1716,2023-11-17,Completed
1717,1717,2022-05-24,Completed
1718,1718,2023-02-22,Refunded
1719,1719,2022-12-17,Completed
1720,1720,2023-10-20,Completed
1721,1721,2022-08-02,Completed
1722,1722,2023-01-01,Refunded
1723,1723,2022-03-10,Completed
1724,1724,2022-03-15,Completed
1725,1725,2023-06-14,Completed
1726,1726,2022-08-26,Completed
1727,1727,2022-01-25,Refunded
1728,1728,2022-09-16,Completed
1729,1729,2022-06-13,Completed
1730,1730,2023-08-14,Pending
1731,1731,2023-05-30,Completed
1732,1732,2023-07-15,Completed
1733,1733,2022-09-28,Completed
1734,1734,2023-03-09,Completed
1735,1735,2022-03-02,Completed
1736,1736,2022-12-05,Completed
1737,1737,2022-03-07,Completed
1738,1738,2023-08-01,Completed
1739,1739,2022-02-07,Pending
1740,1740,2023-09-06,Refunded
1741,1741,2023-07-21,Completed
1742,1742,2022-02-13,Completed
1743,1743,2022-08-20,Completed
1744,1744,2022-11-07,Completed
1745,1745,2022-02-26,Failed
1746,1746,2022-07-20,Refunded
1747,1747,2023-12-01,Completed
1748,1748,2023-05-11,Completed
1749,1749,2023-12-16,Completed
1750,1750,2023-07-19,Completed
1751,1751,2023-09-24,Completed
1752,1752,2022-12-20,Completed
1753,1753,2022-04-05,Completed
1754,1754,2023-07-05,Pending
1755,1755,2022-01-16,Completed
1756,1756,2022-03-01,Completed
1757,1757,2022-07-05,Completed
1758,1758,2023-09-09,Pending
1759,1759,2022-05-15,Completed
1760,1760,2022-05-08,Completed
1761,1761,2023-07-13,Completed
1762,1762,2023-01-01,Completed
1763,1763,2022-11-08,Failed
1764,1764,2022-10-28,Completed
1765,1765,2022-10-01,Completed
1766,1766,2022-04-19,Refunded
1767,1767,2023-12-26,Completed
1768,1768,2022-03-24,Failed
1769,1769,2023-06-19,Completed
1770,1770,2022-08-05,Completed
1771,1771,2022-05-27,Completed
1772,1772,2023-10-29,Pending
1773,1773,2022-01-24,Completed
1774,1774,2023-08-27,Refunded
1775,1775,2022-03-30,Refunded
1776,1776,2023-01-30,Refunded
1777,1777,2023-01-30,Completed
1778,1778,2023-01-24,Completed
1779,1779,2022-02-25,Completed
1780,1780,2022-12-23,Refunded
1781,1781,2022-12-12,Failed
1782,1782,2023-08-29,Completed
1783,1783,2023-09-30,Failed
1784,1784,2022-03-01,Completed
1785,1785,2023-11-27,Completed
1786,1786,2023-08-11,Completed
1787,1787,2022-09-26,Completed
1788,1788,2022-09-03,Completed
1789,1789,2023-11-30,Completed
1790,1790,2022-09-15,Completed
1791,1791,2023-08-08,Completed
1792,1792,2023-01-06,Completed
1793,1793,2023-10-31,Completed
1794,1794,2022-05-09,Completed
1795,1795,2022-09-28,Completed
1796,1796,2022-01-19,Completed
1797,1797,2023-01-05,Refunded
1798,1798,2022-08-14,Completed
1799,1799,2022-03-23,Completed
1800,1800,2022-03-08,Completed
1801,1801,2022-10-11,Completed
1802,1802,2023-10-10,Refunded
1803,1803,2023-11-04,Completed
1804,1804,2022-02-11,Completed
1805,1805,2023-03-29,Completed
1806,1806,2022-08-23,Pending
1807,1807,2022-09-22,Failed
1808,1808,2022-12-29,Completed
1809,1809,2022-08-31,Completed
1810,1810,2023-03-31,Completed
1811,1811,2022-07-29,Completed
1812,1812,2023-12-01,Completed
1813,1813,2022-10-17,Completed
1814,1814,2023-01-06,Refunded
1815,1815,2023-01-19,Completed
1816,1816,2022-06-16,Completed
1817,1817,2022-06-04,Completed
1818,1818,2023-09-16,Completed
1819,1819,2023-06-07,Completed
1820,1820,2022-08-11,Completed
1821,1821,2022-06-03,Pending
1822,1822,2022-03-24,Pending
1823,1823,2022-08-20,Pending
1824,1824,2023-10-09,Completed
1825,1825,2022-05-06,Refunded
1826,1826,2023-09-15,Completed
1827,1827,2023-03-30,Completed
1828,1828,2023-08-14,Completed
1829,1829,2023-01-08,Completed
1830,1830,2022-05-01,Completed
1831,1831,2023-02-24,Completed
1832,1832,2023-06-02,Completed
1833,1833,2023-09-14,Refunded
1834,1834,2022-08-24,Refunded
1835,1835,2022-09-09,Completed
1836,1836,2023-11-15,Completed
1837,1837,2022-10-23,Completed
1838,1838,2023-02-25,Pending
1839,1839,2023-08-15,Refunded
1840,1840,2022-07-22,Refunded
1841,1841,2022-01-18,Completed
1842,1842,2023-07-23,Completed
1843,1843,2022-05-12,Failed
1844,1844,2022-01-25,Pending
1845,1845,2022-05-18,Refunded
1846,1846,2023-03-10,Completed
1847,1847,2023-07-25,Completed
1848,1848,2022-12-12,Completed
1849,1849,2023-09-25,Completed
1850,1850,2022-12-31,Refunded
1851,1851,2023-10-10,Refunded
1852,1852,2022-10-25,Completed
1853,1853,2022-07-07,Completed
1854,1854,2023-06-08,Refunded
1855,1855,2023-08-31,Completed
1856,1856,2023-04-12,Completed
1857,1857,2023-06-06,Completed
1858,1858,2022-04-10,Completed
1859,1859,2022-02-21,Refunded
1860,1860,2023-08-19,Completed
1861,1861,2023-01-30,Completed
1862,1862,2022-05-28,Refunded
1863,1863,2022-08-05,Completed
1864,1864,2023-09-23,Completed
1865,1865,2022-06-19,Completed
1866,1866,2023-03-26,Completed
1867,1867,2022-09-25,Completed
1868,1868,2022-08-27,Completed
1869,1869,2022-07-31,Completed
1870,1870,2022-01-30,Pending
1871,1871,2023-07-07,Completed
1872,1872,2022-01-29,Completed
1873,1873,2023-08-08,Completed
1874,1874,2022-05-10,Completed
1875,1875,2022-04-24,Refunded
1876,1876,2022-05-05,Completed
1877,1877,2022-03-30,Pending
1878,1878,2023-11-17,Refunded
1879,1879,2022-08-16,Completed
1880,1880,2023-06-05,Completed
1881,1881,2023-06-12,Completed
1882,1882,2023-12-07,Completed
1883,1883,2023-12-26,Completed
1884,1884,2023-07-28,Completed
1885,1885,2023-10-14,Completed
1886,1886,2023-08-24,Completed
1887,1887,2022-09-30,Completed
1888,1888,2022-07-13,Completed
1889,1889,2022-07-23,Pending
1890,1890,2022-08-08,Completed
1891,1891,2023-07-26,Completed
1892,1892,2022-02-11,Completed
1893,1893,2023-01-27,Completed
1894,1894,2022-12-25,Completed
1895,1895,2022-07-04,Refunded
1896,1896,2022-10-29,Completed
1897,1897,2023-10-10,Completed
1898,1898,2023-05-10,Completed
1899,1899,2022-10-24,Completed
1900,1900,2023-11-10,Completed
1901,1901,2022-11-25,Completed
1902,1902,2023-02-13,Refunded
1903,1903,2023-05-11,Completed
1904,1904,2023-12-06,Completed
1905,1905,2023-06-06,Completed
1906,1906,2022-11-27,Completed
1907,1907,2023-02-07,Completed
1908,1908,2022-09-25,Completed
1909,1909,2022-08-15,Refunded
1910,1910,2022-11-13,Completed
1911,1911,2022-06-21,Refunded
1912,1912,2022-04-25,Completed
1913,1913,2022-05-13,Completed
1914,1914,2022-01-23,Completed
1915,1915,2023-12-24,Completed
1916,1916,2023-07-22,Completed
1917,1917,2022-08-06,Completed
1918,1918,2022-06-12,Completed
1919,1919,2022-08-25,Refunded
1920,1920,2022-12-08,Completed
1921,1921,2022-09-12,Completed
1922,1922,2022-01-22,Completed
1923,1923,2023-02-12,Completed
1924,1924,2022-10-17,Completed
1925,1925,2023-12-08,Completed
1926,1926,2022-05-09,Completed
1927,1927,2022-05-17,Refunded
1928,1928,2022-03-29,Completed
1929,1929,2023-12-24,Completed
1930,1930,2022-01-18,Completed
1931,1931,2022-06-05,Completed
1932,1932,2023-02-06,Refunded
1933,1933,2022-11-29,Completed
1934,1934,2022-11-08,Completed
1935,1935,2022-09-30,Completed
1936,1936,2023-01-21,Completed
1937,1937,2023-02-22,Completed
1938,1938,2023-12-21,Completed
1939,1939,2022-01-18,Completed
1940,1940,2023-01-19,Completed
1941,1941,2023-04-09,Pending
1942,1942,2023-02-13,Completed
1943,1943,2023-05-04,Completed
1944,1944,2022-12-07,Pending
1945,1945,2022-04-10,Completed
1946,1946,2023-05-17,Completed
1947,1947,2023-02-17,Completed
1948,1948,2023-08-04,Completed
1949,1949,2023-05-22,Completed
1950,1950,2022-12-14,Completed
1951,1951,2023-12-09,Completed
1952,1952,2022-01-06,Completed
1953,1953,2023-07-31,Completed
1954,1954,2022-11-18,Completed
1955,1955,2023-04-19,Completed
1956,1956,2022-03-25,Completed
1957,1957,2022-03-21,Completed
1958,1958,2022-06-15,Completed
1959,1959,2022-07-22,Completed
1960,1960,2023-03-12,Completed
1961,1961,2023-06-24,Completed
1962,1962,2023-07-17,Completed
1963,1963,2022-05-02,Completed
1964,1964,2023-11-24,Completed
1965,1965,2023-01-17,Completed
1966,1966,2022-10-26,Completed
1967,1967,2023-09-22,Completed
1968,1968,2023-09-12,Completed
1969,1969,2022-12-07,Completed
1970,1970,2022-05-19,Completed
1971,1971,2023-05-03,Completed
1972,1972,2022-06-05,Pending
1973,1973,2022-01-06,Completed
1974,1974,2023-12-14,Completed
1975,1975,2022-04-08,Completed
1976,1976,2022-06-10,Completed
1977,1977,2022-08-22,Completed
1978,1978,2022-07-19,Refunded
1979,1979,2023-03-13,Completed
1980,1980,2023-10-04,Pending
1981,1981,2023-07-31,Completed
1982,1982,2022-03-22,Completed
1983,1983,2022-08-11,Completed
1984,1984,2022-04-15,Completed
1985,1985,2023-01-29,Refunded
1986,1986,2023-09-01,Pending
1987,1987,2023-09-24,Completed
1988,1988,2022-01-04,Pending
1989,1989,2022-04-06,Completed
1990,1990,2022-06-20,Completed
1991,1991,2022-02-23,Failed
1992,1992,2023-03-12,Completed
1993,1993,2023-05-30,Completed
1994,1994,2023-02-08,Completed
1995,1995,2023-05-02,Failed
1996,1996,2022-11-23,Refunded
1997,1997,2022-08-10,Pending
1998,1998,2022-10-13,Refunded
1999,1999,2023-07-30,Completed
2000,2000,2022-09-14,Completed
2001,2001,2023-03-23,Completed
2002,2002,2023-01-10,Failed
2003,2003,2022-12-23,Completed
2004,2004,2023-07-28,Completed
2005,2005,2022-07-03,Pending
2006,2006,2022-07-22,Completed
2007,2007,2022-01-08,Completed
2008,2008,2023-01-13,Completed
2009,2009,2022-01-16,Completed
2010,2010,2022-10-09,Completed
2011,2011,2023-12-14,Completed
2012,2012,2022-03-01,Failed
2013,2013,2023-04-30,Completed
2014,2014,2022-06-28,Refunded
2015,2015,2023-07-15,Completed
2016,2016,2022-02-01,Completed
2017,2017,2022-07-02,Completed
2018,2018,2022-05-03,Completed
2019,2019,2022-03-06,Refunded
2020,2020,2022-10-14,Completed
2021,2021,2022-01-18,Refunded
2022,2022,2022-11-23,Completed
2023,2023,2023-08-26,Completed
2024,2024,2023-11-13,Refunded
2025,2025,2023-11-18,Completed
2026,2026,2023-05-29,Completed
2027,2027,2022-06-27,Completed
2028,2028,2022-07-25,Completed
2029,2029,2023-10-15,Completed
2030,2030,2023-07-30,Completed
2031,2031,2023-08-07,Completed
2032,2032,2023-04-21,Refunded
2033,2033,2022-07-07,Completed
2034,2034,2023-08-30,Completed
2035,2035,2022-01-12,Completed
2036,2036,2022-03-27,Pending
2037,2037,2022-11-13,Completed
2038,2038,2022-07-16,Completed
2039,2039,2022-11-14,Completed
2040,2040,2022-07-03,Completed
2041,2041,2023-03-02,Completed
2042,2042,2022-07-24,Completed
2043,2043,2023-03-29,Completed
2044,2044,2023-08-16,Failed
2045,2045,2023-06-20,Completed
2046,2046,2022-06-24,Completed
2047,2047,2023-07-07,Pending
2048,2048,2023-03-22,Failed
2049,2049,2022-10-25,Completed
2050,2050,2023-06-02,Failed
2051,2051,2022-04-05,Completed
2052,2052,2022-08-13,Completed
2053,2053,2022-04-30,Completed
2054,2054,2023-05-03,Completed
2055,2055,2023-01-19,Completed
2056,2056,2022-02-05,Completed
2057,2057,2023-01-04,Completed
2058,2058,2023-05-02,Completed
2059,2059,2022-04-15,Completed
2060,2060,2023-04-26,Completed
2061,2061,2023-03-27,Completed
2062,2062,2023-08-15,Completed
2063,2063,2023-04-30,Completed
2064,2064,2023-01-20,Completed
2065,2065,2023-02-15,Pending
2066,2066,2022-08-29,Completed
2067,2067,2023-03-15,Pending
2068,2068,2023-02-15,Completed
2069,2069,2022-06-20,Refunded
2070,2070,2023-12-16,Completed
2071,2071,2023-08-07,Completed
2072,2072,2022-12-10,Pending
2073,2073,2022-11-15,Completed
2074,2074,2022-12-23,Completed
2075,2075,2022-01-02,Completed
2076,2076,2022-06-27,Completed
2077,2077,2022-09-01,Completed
2078,2078,2022-09-09,Completed
2079,2079,2023-01-20,Completed
2080,2080,2022-04-14,Completed
2081,2081,2023-12-18,Completed
2082,2082,2023-04-21,Completed
2083,2083,2022-04-09,Completed
2084,2084,2022-05-19,Completed
2085,2085,2022-10-17,Completed
2086,2086,2023-03-12,Completed
2087,2087,2022-12-24,Completed
2088,2088,2023-08-26,Refunded
2089,2089,2022-07-04,Completed
2090,2090,2022-12-16,Completed
2091,2091,2023-02-13,Completed
2092,2092,2022-05-22,Completed
2093,2093,2022-11-07,Completed
2094,2094,2023-11-03,Completed
2095,2095,2022-11-16,Refunded
2096,2096,2022-02-06,Completed
2097,2097,2023-02-12,Failed
2098,2098,2023-04-22,Completed
2099,2099,2022-04-15,Refunded
2100,2100,2022-01-14,Completed
2101,2101,2023-06-05,Completed
2102,2102,2023-05-15,Completed
2103,2103,2022-02-27,Completed
2104,2104,2023-10-13,Failed
2105,2105,2023-04-07,Refunded
2106,2106,2024-01-02,Pending
2107,2107,2022-04-25,Pending
2108,2108,2023-06-29,Refunded
2109,2109,2022-03-25,Completed
2110,2110,2023-12-27,Completed
2111,2111,2023-09-22,Completed
2112,2112,2023-04-23,Completed
2113,2113,2023-05-17,Completed
2114,2114,2023-09-08,Completed
2115,2115,2022-12-12,Completed
2116,2116,2022-01-26,Completed
2117,2117,2023-01-01,Completed
2118,2118,2022-11-01,Completed
2119,2119,2023-01-01,Completed
2120,2120,2023-02-11,Completed
2121,2121,2022-04-08,Completed
2122,2122,2023-05-21,Completed
2123,2123,2023-04-17,Completed
2124,2124,2023-06-23,Completed
2125,2125,2022-12-02,Completed
2126,2126,2023-10-16,Completed
2127,2127,2022-03-23,Completed
2128,2128,2023-03-10,Completed
2129,2129,2022-09-21,Completed
2130,2130,2022-03-24,Pending
2131,2131,2022-07-16,Pending
2132,2132,2023-09-23,Refunded
2133,2133,2022-09-09,Completed
2134,2134,2023-05-01,Pending
2135,2135,2022-10-09,Refunded
2136,2136,2022-10-13,Completed
2137,2137,2023-02-13,Completed
2138,2138,2022-10-08,Completed
2139,2139,2023-03-02,Completed
2140,2140,2023-04-19,Completed
2141,2141,2022-08-16,Completed
2142,2142,2022-08-15,Completed
2143,2143,2024-01-02,Completed
2144,2144,2023-10-14,Completed
2145,2145,2023-05-05,Completed
2146,2146,2022-12-17,Refunded
2147,2147,2022-06-05,Completed
2148,2148,2023-07-02,Completed
2149,2149,2022-09-19,Completed
2150,2150,2023-08-10,Completed
2151,2151,2023-07-30,Completed
2152,2152,2023-06-29,Completed
2153,2153,2022-11-20,Completed
2154,2154,2022-06-10,Completed
2155,2155,2022-12-27,Completed
2156,2156,2022-01-25,Completed
2157,2157,2023-05-19,Refunded
2158,2158,2022-05-15,Pending
2159,2159,2022-05-09,Completed
2160,2160,2022-04-26,Completed
2161,2161,2022-06-14,Pending
2162,2162,2023-02-16,Completed
2163,2163,2022-08-13,Completed
2164,2164,2023-01-07,Completed
2165,2165,2023-12-07,Completed
2166,2166,2022-11-24,Completed
2167,2167,2022-08-19,Completed
2168,2168,2023-04-22,Completed
2169,2169,2022-07-02,Completed
2170,2170,2022-12-10,Completed
2171,2171,2023-12-03,Completed
2172,2172,2023-10-31,Completed
2173,2173,2023-10-15,Completed
2174,2174,2023-09-18,Pending
2175,2175,2023-09-07,Completed
2176,2176,2022-01-24,Completed
2177,2177,2023-08-08,Completed
2178,2178,2023-01-16,Completed
2179,2179,2023-11-03,Completed
2180,2180,2022-07-19,Completed
2181,2181,2022-09-05,Pending
2182,2182,2022-07-25,Completed
2183,2183,2022-02-03,Completed
2184,2184,2022-09-09,Completed
2185,2185,2022-09-06,Pending
2186,2186,2023-05-30,Refunded
2187,2187,2022-12-08,Completed
2188,2188,2022-03-14,Completed
2189,2189,2023-11-26,Pending
2190,2190,2023-01-30,Pending
2191,2191,2023-07-05,Failed
2192,2192,2023-10-27,Completed
2193,2193,2023-05-10,Completed
2194,2194,2023-02-14,Completed
2195,2195,2023-01-09,Refunded
2196,2196,2023-10-08,Completed
2197,2197,2022-05-09,Refunded
2198,2198,2023-08-17,Completed
2199,2199,2023-01-12,Completed
2200,2200,2022-09-06,Completed
2201,2201,2022-04-12,Completed
2202,2202,2023-04-16,Completed
2203,2203,2022-09-08,Completed
2204,2204,2023-12-08,Refunded
2205,2205,2023-12-19,Completed
2206,2206,2022-02-07,Completed
2207,2207,2022-10-24,Refunded
2208,2208,2023-08-02,Completed
2209,2209,2022-06-13,Completed
2210,2210,2023-03-27,Completed
2211,2211,2023-12-14,Completed
2212,2212,2023-01-31,Completed
2213,2213,2022-08-05,Completed
2214,2214,2022-01-13,Completed
2215,2215,2023-06-14,Completed
2216,2216,2022-06-24,Completed
2217,2217,2023-08-27,Completed
2218,2218,2023-01-20,Completed
2219,2219,2023-06-24,Completed
2220,2220,2023-01-25,Pending
2221,2221,2022-12-18,Completed
2222,2222,2022-06-04,Refunded
2223,2223,2022-05-03,Completed
2224,2224,2023-04-18,Refunded
2225,2225,2023-06-21,Completed
2226,2226,2023-01-10,Completed
2227,2227,2022-04-14,Completed
2228,2228,2022-10-07,Refunded
2229,2229,2023-07-06,Pending
2230,2230,2022-02-28,Completed
2231,2231,2022-09-09,Completed
2232,2232,2023-10-31,Completed
2233,2233,2023-04-15,Pending
2234,2234,2022-10-02,Completed
2235,2235,2022-07-14,Refunded
2236,2236,2022-05-16,Completed
2237,2237,2022-08-24,Completed
2238,2238,2023-05-04,Completed
2239,2239,2022-02-24,Completed
2240,2240,2023-05-05,Completed
2241,2241,2022-07-24,Completed
2242,2242,2023-09-05,Completed
2243,2243,2023-08-19,Completed
2244,2244,2023-03-31,Completed
2245,2245,2023-10-15,Completed
2246,2246,2022-01-01,Completed
2247,2247,2022-10-06,Completed
2248,2248,2023-06-05,Completed
2249,2249,2023-10-24,Refunded
2250,2250,2022-09-14,Completed
2251,2251,2023-05-31,Completed
2252,2252,2022-07-07,Completed
2253,2253,2023-06-06,Completed
2254,2254,2022-03-10,Completed
2255,2255,2022-04-08,Completed
2256,2256,2023-12-07,Completed
2257,2257,2022-04-23,Completed
2258,2258,2023-05-30,Completed
2259,2259,2023-04-29,Completed
2260,2260,2023-09-18,Completed
2261,2261,2022-11-30,Completed
2262,2262,2022-06-27,Completed
2263,2263,2022-06-10,Pending
2264,2264,2023-11-03,Failed
2265,2265,2022-10-04,Completed
2266,2266,2022-11-08,Completed
2267,2267,2022-12-29,Completed
2268,2268,2022-11-13,Completed
2269,2269,2023-03-05,Pending
2270,2270,2022-02-26,Completed
2271,2271,2022-05-26,Completed
2272,2272,2022-01-22,Completed
2273,2273,2023-11-10,Completed
2274,2274,2023-01-18,Completed
2275,2275,2023-01-27,Completed
2276,2276,2022-07-24,Completed
2277,2277,2023-03-29,Completed
2278,2278,2022-09-06,Completed
2279,2279,2023-08-31,Failed
2280,2280,2023-02-05,Completed
2281,2281,2022-10-15,Completed
2282,2282,2022-04-14,Completed
2283,2283,2023-07-05,Refunded
2284,2284,2022-04-25,Refunded
2285,2285,2022-03-17,Completed
2286,2286,2022-06-07,Completed
2287,2287,2023-08-12,Completed
2288,2288,2022-09-11,Completed
2289,2289,2023-11-09,Completed
2290,2290,2022-10-27,Completed
2291,2291,2022-03-13,Completed
2292,2292,2022-11-20,Refunded
2293,2293,2023-04-04,Completed
2294,2294,2023-04-25,Completed
2295,2295,2022-07-25,Completed
2296,2296,2023-09-12,Completed
2297,2297,2023-10-20,Completed
2298,2298,2023-05-16,Failed
2299,2299,2022-03-05,Completed
2300,2300,2023-08-05,Pending
2301,2301,2022-12-01,Completed
2302,2302,2023-08-14,Completed
2303,2303,2022-03-20,Pending
2304,2304,2022-04-26,Refunded
2305,2305,2022-04-02,Completed
2306,2306,2022-07-16,Completed
2307,2307,2023-03-20,Completed
2308,2308,2022-06-06,Completed
2309,2309,2023-10-28,Completed
2310,2310,2023-12-12,Refunded
2311,2311,2023-02-18,Completed
2312,2312,2023-02-06,Completed
2313,2313,2023-03-16,Refunded
2314,2314,2023-08-22,Completed
2315,2315,2023-04-16,Completed
2316,2316,2023-08-13,Refunded
2317,2317,2023-08-14,Refunded
2318,2318,2022-08-01,Completed
2319,2319,2023-07-01,Failed
2320,2320,2023-07-10,Completed
2321,2321,2022-11-20,Completed
2322,2322,2022-07-27,Completed
2323,2323,2022-10-05,Failed
2324,2324,2022-01-29,Completed
2325,2325,2023-01-21,Refunded
2326,2326,2022-08-03,Completed
2327,2327,2023-02-13,Refunded
2328,2328,2023-08-30,Completed
2329,2329,2022-07-01,Completed
2330,2330,2022-05-06,Completed
2331,2331,2023-05-18,Completed
2332,2332,2022-11-22,Completed
2333,2333,2022-04-04,Completed
2334,2334,2022-09-19,Pending
2335,2335,2022-01-17,Refunded
2336,2336,2023-02-15,Completed
2337,2337,2022-11-15,Completed
2338,2338,2023-11-01,Pending
2339,2339,2022-03-28,Refunded
2340,2340,2023-04-30,Completed
2341,2341,2022-11-28,Refunded
2342,2342,2022-07-01,Completed
2343,2343,2022-06-11,Completed
2344,2344,2022-02-11,Failed
2345,2345,2023-11-10,Completed
2346,2346,2022-06-11,Completed
2347,2347,2023-06-16,Completed
2348,2348,2023-11-17,Refunded
2349,2349,2022-04-25,Completed
2350,2350,2022-07-28,Completed
2351,2351,2022-10-01,Completed
2352,2352,2022-01-27,Refunded
2353,2353,2022-02-07,Refunded
2354,2354,2022-02-17,Completed
2355,2355,2023-06-23,Completed
2356,2356,2022-12-25,Completed
2357,2357,2022-03-09,Completed
2358,2358,2023-03-03,Completed
2359,2359,2023-09-12,Completed
2360,2360,2023-05-03,Completed
2361,2361,2023-11-05,Pending
2362,2362,2023-11-17,Completed
2363,2363,2023-08-09,Completed
2364,2364,2022-05-13,Completed
2365,2365,2022-03-26,Completed
2366,2366,2022-10-18,Completed
2367,2367,2022-08-22,Completed
2368,2368,2022-11-06,Pending
2369,2369,2023-11-18,Completed
2370,2370,2022-10-01,Completed
2371,2371,2023-01-21,Completed
2372,2372,2022-02-06,Completed
2373,2373,2022-07-23,Completed
2374,2374,2022-02-05,Completed
2375,2375,2022-11-27,Completed
2376,2376,2022-12-19,Refunded
2377,2377,2023-08-16,Pending
2378,2378,2023-04-11,Completed
2379,2379,2022-05-02,Completed
2380,2380,2023-06-11,Completed
2381,2381,2022-07-12,Refunded
2382,2382,2023-05-15,Completed
2383,2383,2022-04-10,Completed
2384,2384,2022-09-29,Completed
2385,2385,2022-01-28,Completed
2386,2386,2022-08-23,Failed
2387,2387,2022-05-06,Completed
2388,2388,2022-12-24,Completed
2389,2389,2022-03-28,Completed
2390,2390,2023-06-09,Failed
2391,2391,2022-08-18,Completed
2392,2392,2022-12-31,Refunded
2393,2393,2023-07-31,Completed
2394,2394,2023-07-01,Completed
2395,2395,2023-06-29,Completed
2396,2396,2023-11-30,Completed
2397,2397,2023-09-27,Completed
2398,2398,2023-07-08,Completed
2399,2399,2022-07-29,Pending
2400,2400,2023-02-17,Refunded
2401,2401,2023-03-08,Completed
2402,2402,2022-05-21,Completed
2403,2403,2022-09-15,Completed
2404,2404,2022-08-04,Completed
2405,2405,2022-03-11,Completed
2406,2406,2022-05-29,Completed
2407,2407,2022-09-08,Completed
2408,2408,2023-02-07,Completed
2409,2409,2022-12-26,Pending
2410,2410,2022-10-10,Completed
2411,2411,2023-08-24,Completed
2412,2412,2023-04-02,Completed
2413,2413,2022-12-02,Completed
2414,2414,2022-11-17,Refunded
2415,2415,2023-09-05,Completed
2416,2416,2022-11-03,Completed
2417,2417,2023-09-19,Completed
2418,2418,2022-12-18,Pending
2419,2419,2022-02-11,Completed
2420,2420,2023-04-24,Completed
2421,2421,2023-12-28,Completed
2422,2422,2022-08-19,Completed
2423,2423,2023-09-10,Refunded
2424,2424,2022-09-06,Completed
2425,2425,2023-12-22,Completed
2426,2426,2023-10-17,Completed
2427,2427,2022-10-11,Completed
2428,2428,2022-12-03,Failed
2429,2429,2023-01-01,Completed
2430,2430,2023-05-15,Completed
2431,2431,2023-08-29,Completed
2432,2432,2023-12-28,Completed
2433,2433,2023-08-04,Completed
2434,2434,2023-11-17,Completed
2435,2435,2023-08-28,Pending
2436,2436,2023-08-15,Pending
2437,2437,2022-09-03,Completed
2438,2438,2023-09-11,Completed
2439,2439,2022-02-10,Refunded
2440,2440,2023-04-19,Completed
2441,2441,2023-02-14,Completed
2442,2442,2023-03-19,Completed
2443,2443,2022-07-06,Pending
2444,2444,2022-04-14,Failed
2445,2445,2023-04-13,Completed
2446,2446,2023-12-02,Pending
2447,2447,2022-09-14,Failed
2448,2448,2022-11-30,Pending
2449,2449,2022-09-27,Completed
2450,2450,2023-07-15,Completed
2451,2451,2022-12-24,Failed
2452,2452,2022-04-03,Completed
2453,2453,2022-08-22,Completed
2454,2454,2022-04-03,Completed
2455,2455,2023-05-26,Completed
2456,2456,2022-07-29,Completed
2457,2457,2022-12-12,Refunded
2458,2458,2022-06-15,Completed
2459,2459,2022-04-25,Completed
2460,2460,2023-06-05,Completed
2461,2461,2023-07-29,Completed
2462,2462,2023-12-16,Completed
2463,2463,2023-12-30,Completed
2464,2464,2022-09-27,Completed
2465,2465,2022-12-30,Refunded
2466,2466,2022-04-19,Refunded
2467,2467,2022-10-30,Pending
2468,2468,2022-11-30,Failed
2469,2469,2022-09-10,Completed
2470,2470,2022-10-10,Completed
2471,2471,2023-12-13,Refunded
2472,2472,2023-03-28,Completed
2473,2473,2022-11-01,Refunded
2474,2474,2023-05-10,Completed
2475,2475,2023-07-19,Completed
2476,2476,2023-06-18,Completed
2477,2477,2023-02-02,Completed
2478,2478,2023-01-09,Completed
2479,2479,2023-01-10,Completed
2480,2480,2023-01-03,Completed
2481,2481,2023-12-22,Completed
2482,2482,2022-04-09,Completed
2483,2483,2023-07-04,Refunded
2484,2484,2023-09-12,Completed
2485,2485,2023-12-21,Refunded
2486,2486,2022-08-20,Completed
2487,2487,2022-02-25,Completed
2488,2488,2023-08-30,Pending
2489,2489,2022-06-25,Completed
2490,2490,2023-10-30,Completed
2491,2491,2023-12-26,Completed
2492,2492,2022-03-09,Completed
2493,2493,2022-09-16,Completed
2494,2494,2023-09-05,Completed
2495,2495,2022-05-18,Completed
2496,2496,2022-11-16,Completed
2497,2497,2022-12-07,Refunded
2498,2498,2023-06-06,Completed
2499,2499,2023-07-09,Completed
2500,2500,2022-01-07,Completed
2501,2501,2023-01-03,Failed
2502,2502,2022-03-15,Completed
2503,2503,2022-06-15,Completed
2504,2504,2023-09-08,Pending
2505,2505,2022-07-06,Refunded
2506,2506,2022-05-05,Completed
2507,2507,2023-02-20,Pending
2508,2508,2023-02-03,Completed
2509,2509,2023-05-03,Completed
2510,2510,2022-11-17,Completed
2511,2511,2022-09-18,Completed
2512,2512,2023-02-18,Completed
2513,2513,2023-10-27,Completed
2514,2514,2022-04-07,Completed
2515,2515,2023-09-13,Completed
2516,2516,2023-01-20,Completed
2517,2517,2023-06-28,Completed
2518,2518,2022-11-11,Completed
2519,2519,2022-03-14,Completed
2520,2520,2023-09-30,Completed
2521,2521,2022-12-21,Refunded
2522,2522,2023-09-07,Completed
2523,2523,2023-03-28,Completed
2524,2524,2022-06-03,Completed
2525,2525,2022-02-10,Refunded
2526,2526,2022-05-06,Pending
2527,2527,2022-04-22,Completed
2528,2528,2023-06-16,Completed
2529,2529,2023-09-11,Refunded
2530,2530,2023-04-13,Completed
2531,2531,2023-02-03,Pending
2532,2532,2023-11-16,Completed
2533,2533,2023-01-12,Pending
2534,2534,2023-05-18,Completed
2535,2535,2022-03-02,Refunded
2536,2536,2023-11-07,Failed
2537,2537,2022-04-13,Completed
2538,2538,2023-11-02,Completed
2539,2539,2023-12-22,Completed
2540,2540,2023-07-14,Completed
2541,2541,2022-05-20,Completed
2542,2542,2023-10-06,Completed
2543,2543,2022-03-27,Completed
2544,2544,2022-11-28,Completed
2545,2545,2022-11-10,Completed
2546,2546,2023-12-02,Completed
2547,2547,2022-02-13,Completed
2548,2548,2023-08-26,Completed
2549,2549,2023-10-19,Completed
2550,2550,2022-01-31,Completed
2551,2551,2022-12-29,Completed
2552,2552,2023-12-02,Completed
2553,2553,2023-06-22,Completed
2554,2554,2023-12-01,Refunded
2555,2555,2022-04-12,Refunded
2556,2556,2023-12-31,Completed
2557,2557,2023-05-24,Completed
2558,2558,2022-01-18,Completed
2559,2559,2023-12-08,Completed
2560,2560,2022-09-06,Pending
2561,2561,2023-02-05,Completed
2562,2562,2023-02-17,Completed
2563,2563,2022-09-10,Completed
2564,2564,2023-03-09,Completed
2565,2565,2023-10-06,Pending
2566,2566,2023-11-02,Completed
2567,2567,2022-01-11,Completed
2568,2568,2022-07-16,Completed
2569,2569,2023-09-08,Completed
2570,2570,2022-02-13,Completed
2571,2571,2023-11-12,Completed
2572,2572,2022-04-30,Refunded
2573,2573,2023-05-17,Completed
2574,2574,2022-06-21,Completed
2575,2575,2023-11-29,Completed
2576,2576,2023-07-04,Refunded
2577,2577,2022-09-26,Completed
2578,2578,2022-07-27,Completed
2579,2579,2023-05-27,Completed
2580,2580,2022-02-07,Completed
2581,2581,2022-08-23,Completed
2582,2582,2023-12-14,Completed
2583,2583,2023-09-25,Completed
2584,2584,2023-03-31,Completed
2585,2585,2023-05-31,Completed
2586,2586,2022-11-22,Completed
2587,2587,2022-06-08,Refunded
2588,2588,2022-12-26,Refunded
2589,2589,2022-02-27,Completed
2590,2590,2022-10-27,Completed
2591,2591,2023-10-07,Completed
2592,2592,2023-03-28,Completed
2593,2593,2022-09-11,Completed
2594,2594,2022-06-14,Pending
2595,2595,2022-03-02,Completed
2596,2596,2023-06-16,Completed
2597,2597,2022-06-24,Completed
2598,2598,2022-05-29,Completed
2599,2599,2022-01-08,Completed
2600,2600,2023-02-03,Completed
2601,2601,2022-08-18,Completed
2602,2602,2023-07-14,Completed
2603,2603,2023-05-04,Completed
2604,2604,2022-10-19,Completed
2605,2605,2022-09-02,Completed
2606,2606,2022-12-22,Completed
2607,2607,2022-06-08,Refunded
2608,2608,2022-08-20,Completed
2609,2609,2022-06-30,Pending
2610,2610,2022-06-14,Completed
2611,2611,2022-11-06,Completed
2612,2612,2023-12-29,Refunded
2613,2613,2023-02-18,Completed
2614,2614,2023-02-21,Completed
2615,2615,2023-04-09,Completed
2616,2616,2022-12-14,Completed
2617,2617,2023-06-27,Completed
2618,2618,2022-07-16,Pending
2619,2619,2023-11-08,Completed
2620,2620,2023-04-21,Failed
2621,2621,2023-01-19,Completed
2622,2622,2022-05-26,Completed
2623,2623,2023-04-10,Refunded
2624,2624,2023-02-28,Completed
2625,2625,2023-07-21,Completed
2626,2626,2023-06-16,Pending
2627,2627,2022-01-25,Completed
2628,2628,2023-11-16,Pending
2629,2629,2023-11-28,Completed
2630,2630,2023-02-18,Completed
2631,2631,2022-11-23,Refunded
2632,2632,2022-05-14,Completed
2633,2633,2023-09-20,Completed
2634,2634,2022-02-07,Failed
2635,2635,2022-03-30,Refunded
2636,2636,2022-02-26,Completed
2637,2637,2023-01-03,Completed
2638,2638,2022-08-07,Completed
2639,2639,2022-11-21,Completed
2640,2640,2023-12-23,Completed
2641,2641,2023-08-01,Completed
2642,2642,2022-05-04,Completed
2643,2643,2023-08-01,Completed
2644,2644,2022-10-17,Pending
2645,2645,2023-11-13,Refunded
2646,2646,2022-04-11,Completed
2647,2647,2023-01-27,Completed
2648,2648,2022-01-23,Pending
2649,2649,2023-01-07,Completed
2650,2650,2022-07-08,Pending
2651,2651,2023-11-21,Refunded
2652,2652,2022-03-29,Completed
2653,2653,2022-05-19,Completed
2654,2654,2022-06-05,Completed
2655,2655,2023-10-12,Completed
2656,2656,2022-03-28,Pending
2657,2657,2023-05-23,Refunded
2658,2658,2023-03-04,Refunded
2659,2659,2022-07-18,Pending
2660,2660,2022-01-27,Refunded
2661,2661,2022-02-25,Completed
2662,2662,2022-09-27,Completed
2663,2663,2022-10-08,Completed
2664,2664,2023-11-09,Completed
2665,2665,2022-05-16,Completed
2666,2666,2023-08-13,Completed
2667,2667,2023-04-29,Completed
2668,2668,2023-11-22,Completed
2669,2669,2023-01-12,Refunded
2670,2670,2023-03-12,Completed
2671,2671,2022-12-23,Completed
2672,2672,2023-05-16,Completed
2673,2673,2023-04-07,Completed
2674,2674,2023-11-14,Refunded
2675,2675,2022-04-28,Failed
2676,2676,2022-04-22,Completed
2677,2677,2022-03-10,Refunded
2678,2678,2022-03-31,Completed
2679,2679,2022-01-16,Refunded
2680,2680,2023-09-26,Completed
2681,2681,2023-04-17,Refunded
2682,2682,2022-04-19,Completed
2683,2683,2022-05-23,Refunded
2684,2684,2022-07-11,Pending
2685,2685,2022-01-04,Completed
2686,2686,2022-02-23,Completed
2687,2687,2023-10-05,Completed
2688,2688,2022-07-22,Completed
2689,2689,2022-07-11,Completed
2690,2690,2023-08-31,Completed
2691,2691,2023-06-06,Completed
2692,2692,2022-07-24,Refunded
2693,2693,2023-08-13,Completed
2694,2694,2023-12-21,Completed
2695,2695,2022-11-26,Completed
2696,2696,2023-10-13,Completed
2697,2697,2023-03-01,Completed
2698,2698,2023-03-15,Completed
2699,2699,2023-06-29,Refunded
2700,2700,2023-12-02,Completed
2701,2701,2022-03-10,Completed
2702,2702,2022-03-03,Failed
2703,2703,2022-03-25,Refunded
2704,2704,2023-04-02,Completed
2705,2705,2022-11-24,Refunded
2706,2706,2023-01-06,Completed
2707,2707,2022-03-09,Completed
2708,2708,2022-11-24,Completed
2709,2709,2023-05-08,Completed
2710,2710,2023-05-17,Pending
2711,2711,2022-07-15,Completed
2712,2712,2023-12-10,Completed
2713,2713,2023-04-19,Completed
2714,2714,2023-04-21,Completed
2715,2715,2023-01-31,Refunded
2716,2716,2022-11-22,Completed
2717,2717,2023-01-10,Failed
2718,2718,2023-11-09,Completed
2719,2719,2022-07-09,Completed
2720,2720,2023-04-29,Completed
2721,2721,2022-01-24,Completed
2722,2722,2023-07-17,Completed
2723,2723,2023-09-14,Completed
2724,2724,2022-06-14,Completed
2725,2725,2022-04-20,Completed
2726,2726,2023-09-17,Completed
2727,2727,2023-05-24,Completed
2728,2728,2022-01-15,Completed
2729,2729,2022-12-14,Completed
2730,2730,2023-03-16,Completed
2731,2731,2023-06-27,Completed
2732,2732,2023-12-09,Completed
2733,2733,2023-05-01,Completed
2734,2734,2023-03-05,Pending
2735,2735,2023-12-08,Completed
2736,2736,2023-05-05,Completed
2737,2737,2023-08-17,Completed
2738,2738,2022-05-12,Refunded
2739,2739,2023-08-11,Completed
2740,2740,2023-09-18,Completed
2741,2741,2023-04-27,Completed
2742,2742,2022-04-10,Completed
2743,2743,2022-11-26,Completed
2744,2744,2023-09-12,Completed
2745,2745,2023-04-08,Completed
2746,2746,2022-10-12,Completed
2747,2747,2022-03-04,Completed
2748,2748,2022-01-06,Refunded
2749,2749,2023-05-10,Refunded
2750,2750,2022-11-24,Completed
2751,2751,2023-07-06,Completed
2752,2752,2023-09-04,Completed
2753,2753,2022-03-04,Completed
2754,2754,2023-06-02,Refunded
2755,2755,2023-03-10,Completed
2756,2756,2022-07-30,Completed
2757,2757,2023-10-30,Completed
2758,2758,2023-01-14,Refunded
2759,2759,2022-06-01,Completed
2760,2760,2022-06-11,Completed
2761,2761,2022-04-21,Completed
2762,2762,2022-07-23,Completed
2763,2763,2022-06-17,Completed
2764,2764,2022-01-19,Refunded
2765,2765,2023-07-20,Completed
2766,2766,2023-01-21,Completed
2767,2767,2023-10-25,Completed
2768,2768,2023-09-20,Completed
2769,2769,2022-10-18,Completed
2770,2770,2022-02-11,Completed
2771,2771,2022-05-16,Refunded
2772,2772,2022-05-25,Completed
2773,2773,2022-08-29,Completed
2774,2774,2023-01-02,Completed
2775,2775,2022-03-14,Completed
2776,2776,2023-06-23,Refunded
2777,2777,2023-12-15,Failed
2778,2778,2022-08-03,Completed
2779,2779,2022-09-26,Completed
2780,2780,2023-12-03,Completed
2781,2781,2023-12-18,Completed
2782,2782,2022-08-14,Pending
2783,2783,2022-05-23,Completed
2784,2784,2023-10-13,Completed
2785,2785,2022-10-25,Completed
2786,2786,2023-12-15,Completed
2787,2787,2022-07-26,Completed
2788,2788,2023-08-22,Completed
2789,2789,2022-03-26,Completed
2790,2790,2022-06-18,Completed
2791,2791,2022-01-08,Completed
2792,2792,2022-10-18,Completed
2793,2793,2023-02-03,Completed
2794,2794,2022-09-22,Completed
2795,2795,2022-09-24,Completed
2796,2796,2023-04-09,Completed
2797,2797,2023-11-01,Refunded
2798,2798,2022-07-30,Completed
2799,2799,2022-04-20,Completed
2800,2800,2023-08-07,Completed
2801,2801,2023-12-10,Refunded
2802,2802,2022-11-07,Completed
2803,2803,2023-10-06,Refunded
2804,2804,2022-09-16,Completed
2805,2805,2022-01-14,Refunded
2806,2806,2022-07-31,Completed
2807,2807,2022-12-04,Completed
2808,2808,2022-06-20,Completed
2809,2809,2023-09-05,Refunded
2810,2810,2022-09-14,Completed
2811,2811,2022-01-01,Completed
2812,2812,2022-01-13,Pending
2813,2813,2022-11-07,Completed
2814,2814,2022-06-14,Completed
2815,2815,2023-10-26,Completed
2816,2816,2023-01-18,Completed
2817,2817,2022-01-23,Completed
2818,2818,2022-05-05,Completed
2819,2819,2022-07-30,Completed
2820,2820,2023-12-01,Refunded
2821,2821,2023-05-05,Completed
2822,2822,2022-08-31,Completed
2823,2823,2022-10-07,Completed
2824,2824,2023-05-08,Completed
2825,2825,2022-08-10,Completed
2826,2826,2022-02-01,Completed
2827,2827,2023-04-23,Pending
2828,2828,2023-08-14,Completed
2829,2829,2022-10-15,Completed
2830,2830,2022-07-28,Completed
2831,2831,2022-10-08,Completed
2832,2832,2023-04-04,Pending
2833,2833,2022-02-15,Refunded
2834,2834,2023-03-22,Completed
2835,2835,2022-08-27,Completed
2836,2836,2023-01-08,Completed
2837,2837,2023-04-30,Completed
2838,2838,2023-01-17,Completed
2839,2839,2022-11-26,Completed
2840,2840,2022-06-29,Completed
2841,2841,2022-12-22,Completed
2842,2842,2023-11-22,Completed
2843,2843,2023-02-22,Completed
2844,2844,2022-09-17,Completed
2845,2845,2023-01-04,Completed
2846,2846,2023-07-09,Completed
2847,2847,2022-02-13,Refunded
2848,2848,2023-10-03,Completed
2849,2849,2023-10-10,Completed
2850,2850,2023-08-13,Refunded
2851,2851,2023-02-10,Refunded
2852,2852,2023-05-31,Completed
2853,2853,2023-08-14,Pending
2854,2854,2023-11-13,Completed
2855,2855,2023-12-02,Completed
2856,2856,2022-11-30,Completed
2857,2857,2023-02-11,Refunded
2858,2858,2022-08-14,Completed
2859,2859,2023-12-06,Completed
2860,2860,2023-10-24,Refunded
2861,2861,2022-07-12,Refunded
2862,2862,2023-06-02,Completed
2863,2863,2022-03-16,Completed
2864,2864,2023-02-20,Completed
2865,2865,2022-04-10,Completed
2866,2866,2022-02-02,Completed
2867,2867,2023-11-30,Completed
2868,2868,2022-05-04,Completed
2869,2869,2022-01-13,Completed
2870,2870,2023-02-02,Completed
2871,2871,2023-09-29,Completed
2872,2872,2023-09-01,Completed
2873,2873,2022-02-04,Completed
2874,2874,2022-09-21,Refunded
2875,2875,2023-01-28,Completed
2876,2876,2023-03-11,Completed
2877,2877,2022-12-26,Completed
2878,2878,2022-01-29,Pending
2879,2879,2022-03-30,Completed
2880,2880,2022-03-27,Failed
2881,2881,2023-10-09,Completed
2882,2882,2022-12-13,Pending
2883,2883,2022-02-05,Completed
2884,2884,2023-12-22,Completed
2885,2885,2023-02-26,Completed
2886,2886,2023-08-31,Failed
2887,2887,2023-06-05,Completed
2888,2888,2023-04-22,Completed
2889,2889,2023-07-03,Completed
2890,2890,2023-08-24,Completed
2891,2891,2022-06-30,Completed
2892,2892,2022-06-16,Completed
2893,2893,2023-03-15,Completed
2894,2894,2022-03-20,Completed
2895,2895,2022-01-06,Completed
2896,2896,2023-11-02,Refunded
2897,2897,2022-02-14,Completed
2898,2898,2023-12-02,Completed
2899,2899,2023-04-01,Pending
2900,2900,2022-04-29,Completed
2901,2901,2023-09-12,Completed
2902,2902,2023-01-12,Completed
2903,2903,2023-12-27,Completed
2904,2904,2023-07-12,Completed
2905,2905,2022-10-14,Completed
2906,2906,2022-03-12,Completed
2907,2907,2023-11-13,Completed
2908,2908,2022-09-08,Completed
2909,2909,2022-06-16,Completed
2910,2910,2022-07-22,Pending
2911,2911,2023-01-20,Completed
2912,2912,2023-11-05,Completed
2913,2913,2023-07-30,Completed
2914,2914,2022-11-06,Completed
2915,2915,2022-01-12,Completed
2916,2916,2022-01-15,Completed
2917,2917,2023-08-25,Completed
2918,2918,2022-05-22,Refunded
2919,2919,2022-08-08,Completed
2920,2920,2023-05-08,Completed
2921,2921,2023-07-22,Completed
2922,2922,2022-03-16,Completed
2923,2923,2023-06-09,Completed
2924,2924,2023-06-11,Completed
2925,2925,2023-10-05,Failed
2926,2926,2023-01-08,Refunded
2927,2927,2023-02-22,Completed
2928,2928,2022-11-27,Completed
2929,2929,2023-11-21,Completed
2930,2930,2023-09-13,Completed
2931,2931,2022-05-11,Pending
2932,2932,2023-06-06,Completed
2933,2933,2023-10-14,Completed
2934,2934,2022-10-23,Completed
2935,2935,2023-09-08,Completed
2936,2936,2022-03-30,Completed
2937,2937,2023-10-20,Completed
2938,2938,2022-10-15,Refunded
2939,2939,2022-12-17,Completed
2940,2940,2022-11-14,Completed
2941,2941,2023-02-01,Completed
2942,2942,2023-07-30,Completed
2943,2943,2023-11-10,Completed
2944,2944,2022-12-12,Completed
2945,2945,2022-12-19,Completed
2946,2946,2022-03-07,Completed
2947,2947,2022-10-05,Completed
2948,2948,2022-08-23,Refunded
2949,2949,2023-08-05,Pending
2950,2950,2022-07-17,Completed
2951,2951,2023-02-27,Completed
2952,2952,2023-11-19,Completed
2953,2953,2022-05-25,Completed
2954,2954,2022-07-14,Completed
2955,2955,2023-07-10,Completed
2956,2956,2023-04-19,Completed
2957,2957,2022-10-26,Completed
2958,2958,2023-10-11,Completed
2959,2959,2023-10-27,Completed
2960,2960,2023-02-06,Completed
2961,2961,2023-08-07,Completed
2962,2962,2022-09-20,Completed
2963,2963,2023-01-21,Pending
2964,2964,2022-01-04,Refunded
2965,2965,2022-09-19,Completed
2966,2966,2023-07-20,Completed
2967,2967,2023-03-07,Completed
2968,2968,2023-03-15,Completed
2969,2969,2023-05-03,Completed
2970,2970,2022-05-25,Completed
2971,2971,2022-02-25,Completed
2972,2972,2023-07-16,Completed
2973,2973,2022-04-11,Completed
2974,2974,2022-07-31,Completed
2975,2975,2022-01-13,Pending
2976,2976,2022-10-11,Completed
2977,2977,2022-08-14,Completed
2978,2978,2022-10-01,Completed
2979,2979,2022-08-31,Completed
2980,2980,2022-11-23,Completed
2981,2981,2023-01-29,Completed
2982,2982,2022-06-16,Completed
2983,2983,2022-10-06,Completed
2984,2984,2022-09-10,Completed
2985,2985,2023-04-18,Refunded
2986,2986,2022-08-14,Completed
2987,2987,2023-11-19,Completed
2988,2988,2023-09-08,Completed
2989,2989,2022-08-27,Completed
2990,2990,2023-04-01,Completed
2991,2991,2023-01-31,Completed
2992,2992,2022-01-24,Completed
2993,2993,2023-11-21,Failed
2994,2994,2023-06-22,Completed
2995,2995,2023-06-04,Failed
2996,2996,2023-09-14,Completed
2997,2997,2022-03-23,Completed
2998,2998,2022-06-22,Completed
2999,2999,2022-11-20,Completed
3000,3000,2022-10-27,Completed
